matchId;blue_win;blueGold;blueChampKills;blueMinionsKilled;blueMonsterKills;blueAvgLevel;redGold;redChampKills;redMinionsKilled;redMonsterKills;redAvgLevel;datematch;bestplayer
3493250918;false;24575;6;438;1;8,6;25856;12;426;2;9,2;10/03/2020;ejanas0
3464936341;false;27210;20;326;0;9,0;28765;19;386;2;9,4;06/05/2020;pguichard1
3428425921;true;32048;17;438;3;9,4;25305;11;377;0;9,4;23/02/2020;neasen2
3428347390;false;20261;7;283;0;8,2;30429;16;463;3;9,4;24/03/2020;kbarajaz3
3428350940;true;30217;16;486;3;9,8;23889;8;394;0;8,8;04/02/2020;jpaolone4
3494458885;true;25470;9;444;1;9,2;22856;7;405;1;8,8;30/06/2020;rshaelade5
3463320642;true;25391;8;446;2;9,2;23236;5;425;1;8,6;17/04/2020;mcleft6
3463280042;false;28946;15;432;2;9,2;26528;14;374;1;8,8;09/08/2020;cforstall7
3462718876;true;26928;11;459;1;9,6;23065;5;457;2;9,2;17/11/2020;pdemcak8
3462733928;true;26079;9;408;1;9,0;27275;10;438;2;9,4;10/02/2020;sfredi9
3494594463;false;23215;9;377;2;9,0;26823;9;479;0;9,0;17/12/2020;jyeardleya
3464834050;true;27944;13;413;3;9,0;21329;4;395;0;8,8;19/04/2020;kbrooksbyb
3431783366;true;24979;6;471;2;9,4;26341;10;436;1;9,6;16/01/2020;hdavydenkoc
3399726949;false;23095;10;294;0;8,0;31472;15;459;3;9,2;14/08/2020;soulveta
3399742211;true;27466;12;438;2;8,8;23844;7;424;0;8,8;23/12/2020;sferraracioe
3501697287;true;26804;6;476;2;9,2;24590;6;483;0;9,4;26/04/2020;rsempillf
3500141669;true;27754;10;474;1;9,6;24831;6;451;2;9,4;25/01/2020;rregog
3497105469;false;23213;6;422;2;9,0;28497;13;481;1;9,8;19/06/2020;dbarkhouseh
3486983506;false;26523;9;437;1;9,2;27328;11;454;2;9,4;01/05/2020;mbreinleini
3485738231;true;33120;19;498;2;9,6;24330;7;375;1;8,6;19/01/2020;ulanegranj
3501065091;true;26300;9;466;0;9,0;22318;5;404;3;8,8;20/07/2020;eloadsmank
3501083417;true;30173;18;413;3;9,4;22061;6;378;0;8,4;29/09/2020;wgribbinsl
3473329630;true;28783;14;462;1;9,4;24777;8;442;1;9,0;09/12/2020;bdewickem
3473278600;true;26220;15;393;2;9,4;26277;10;393;1;9,4;25/10/2020;sskylettn
3473277297;true;33839;30;354;2;9,2;22947;8;297;0;8,2;01/12/2020;twhitlowo
3511843782;false;27268;15;404;0;9,2;30316;15;408;2;9,4;23/02/2020;zjewisp
3511789649;false;29587;20;299;0;8,8;30869;24;361;3;9,0;27/03/2020;gskellernq
3511760297;false;26144;12;426;1;9,4;27653;14;421;1;9,4;27/06/2020;gbarneyr
3509254065;true;30055;19;394;1;9,8;25079;11;361;2;8,6;21/02/2020;araddans
3494149817;false;23154;7;373;0;8,4;28260;17;405;3;9,2;02/03/2020;hcreelmant
3494046558;false;24011;5;435;2;9,2;22970;5;455;1;9,0;01/10/2020;plofthouseu
3494090896;false;29270;16;422;3;9,2;25944;7;451;0;9,0;12/02/2020;mmawerv
3493995932;false;25334;8;409;1;8,8;28059;12;424;2;8,8;10/10/2020;mshelbornew
3493607949;true;25527;11;405;3;8,8;29973;16;463;0;9,6;17/08/2020;valderx
3511127920;true;27773;13;421;2;9,2;27097;13;422;1;9,6;23/11/2020;ybrixeyy
3497668973;false;24990;6;426;2;8,8;29843;17;413;1;9,2;09/09/2020;htaplowz
3497666139;false;22103;5;397;0;9,0;28284;12;479;3;9,8;02/08/2020;adickerson10
3497624204;false;26998;11;412;3;9,2;25556;9;437;0;9,4;07/12/2020;dwhitcomb11
3496822056;true;31559;20;419;2;9,6;25242;12;370;1;8,6;24/01/2020;pthouless12
3501021356;false;24008;10;369;1;8,8;31545;23;457;1;10,0;10/01/2020;shumbie13
3500889654;true;25790;9;418;2;9,2;27074;12;439;0;9,0;16/06/2020;lvandendael14
3500885194;true;29102;14;460;1;9,0;23064;6;406;1;8,6;26/02/2020;jgaraway15
3484012618;false;22140;6;341;0;8,4;35643;28;426;3;9,4;26/08/2020;kpaulsen16
3483868150;true;32692;23;413;2;9,6;27039;13;396;0;9,0;20/11/2020;rbeades17
3483885733;false;23610;10;325;0;8,4;32615;22;429;3;9,8;15/08/2020;sbeckenham18
3480891936;false;24554;10;408;2;9,0;24499;9;424;0;9,0;08/08/2020;frawlcliffe19
3492383242;false;29310;17;415;2;9,0;26714;13;392;1;9,2;21/01/2020;dlitterick1a
3491895162;false;22853;3;394;1;8,6;26931;10;417;2;9,0;08/12/2020;fpepperell1b
3491941034;true;25037;8;445;2;9,6;26213;9;467;0;9,6;01/01/2020;gseaman1c
3491819302;true;26764;14;396;1;9,6;26616;14;407;1;9,2;08/05/2020;agourdon1d
3491856165;true;31640;21;460;2;9,4;27382;13;432;0;9,2;22/10/2020;ecanland1e
3510001811;true;28564;13;453;1;9,4;26364;7;443;2;9,2;29/01/2020;mjado1f
3509827501;false;29155;14;444;2;9,8;27616;8;469;0;9,4;08/08/2020;cbartolozzi1g
3509793404;false;24145;4;463;3;9,2;23858;6;450;0;9,0;19/08/2020;dbrentnall1h
3509708789;false;25566;11;430;2;9,6;26187;7;498;1;9,4;12/12/2020;cpagden1i
3509666027;false;23018;7;412;0;8,6;34381;21;471;3;10,2;22/11/2020;laucutt1j
3476451388;true;26160;11;422;0;9,2;28150;12;479;2;9,4;25/06/2020;efarryan1k
3476348905;false;27376;9;454;1;9,4;24585;9;397;1;8,8;11/02/2020;msisley1l
3475658224;false;26821;11;463;1;9,0;25505;9;448;1;9,0;01/12/2020;lbuglar1m
3475664368;false;24922;8;418;1;9,4;25445;10;424;2;9,0;30/04/2020;dredier1n
3475589140;false;25184;11;386;2;8,6;25216;13;357;0;8,4;25/02/2020;dvaugham1o
3510686713;true;25694;10;396;3;9,4;23235;8;373;0;9,2;22/12/2020;cwhetland1p
3510723969;true;24284;9;440;3;9,2;23690;6;390;0;8,6;15/08/2020;tfraanchyonok1q
3509261680;false;23121;6;400;0;9,0;28480;15;478;3;9,6;21/06/2020;ecobello1r
3507464028;false;22902;9;361;0;8,0;30518;19;428;3;9,6;22/05/2020;dbuxsey1s
3506047908;true;32223;15;497;2;9,8;23279;5;433;0;9,0;06/09/2020;kkilford1t
3510199720;false;27214;12;452;2;9,2;28123;16;412;1;9,8;19/02/2020;jerickssen1u
3503823664;false;26013;10;417;1;9,4;26280;11;422;2;9,2;20/03/2020;rtowell1v
3503499275;true;27200;12;429;3;9,2;25460;6;448;0;9,2;25/12/2020;bjohnke1w
3503477160;false;26897;16;366;0;9,0;29786;16;416;3;9,2;09/03/2020;jjoisce1x
3502184816;false;26912;11;439;2;9,2;25477;8;454;1;9,2;04/08/2020;nlowings1y
3485972414;false;26470;13;428;0;9,6;27770;13;447;2;9,4;08/05/2020;gdrugan1z
3485939768;true;26734;11;410;0;9,4;26250;12;408;2;9,0;15/10/2020;bferrillio20
3477871440;true;29757;21;379;1;9,0;25215;10;394;1;8,8;18/12/2020;rmattheis21
3477797602;false;22303;6;388;0;9,0;25182;11;441;3;9,0;06/04/2020;dodriscole22
3477745417;false;22466;6;355;0;8,4;28899;14;479;2;10,0;09/11/2020;mlornsen23
3484446850;true;29120;11;484;3;9,6;20676;2;393;0;8,4;13/10/2020;gfrancom24
3453882644;true;26678;14;354;1;8,8;28969;15;423;0;9,4;06/11/2020;fmacdougall25
3453819135;true;25338;7;450;1;9,0;23763;10;367;1;8,6;03/01/2020;dhaly26
3453855524;false;23122;7;395;1;8,8;28654;15;473;1;10,0;07/02/2020;falastair27
3453822310;false;25229;9;379;1;9,0;28376;17;455;2;9,6;19/10/2020;adearle28
3465850992;false;27484;12;436;1;9,4;25252;10;402;2;9,2;30/03/2020;ahambidge29
3463858121;false;22677;10;283;0;7,6;33974;15;453;3;9,4;05/05/2020;adwane2a
3462420110;true;28691;12;409;2;9,4;24494;8;397;0;8,8;09/01/2020;idemalchar2b
3458322760;false;24079;8;413;0;9,0;29382;14;455;3;9,8;07/06/2020;amallabund2c
3483129089;true;23842;6;432;0;9,0;27052;8;484;3;9,4;01/06/2020;lhendrix2d
3483116200;true;29015;16;387;2;9,2;26781;11;410;0;9,2;02/02/2020;rlanphier2e
3480414972;false;22352;4;436;1;9,2;26565;9;507;2;9,6;20/07/2020;ggander2f
3480459958;true;28936;16;354;0;8,8;26654;16;346;2;8,6;01/04/2020;agarlinge2g
3480337659;true;28703;16;431;3;9,8;24168;5;421;0;9,0;19/10/2020;mdelves2h
3506443878;true;27370;12;435;1;9,0;24917;12;366;2;9,2;12/03/2020;jiveans2i
3506413143;true;24725;10;399;0;9,2;27193;10;469;2;9,2;22/11/2020;clatour2j
3501214047;true;28342;12;473;1;9,6;22417;4;401;2;8,4;17/05/2020;gedelmann2k
3501230780;false;24651;7;471;1;9,2;29061;14;445;2;9,6;12/01/2020;heskriett2l
3501186744;false;24922;10;416;1;9,4;25526;7;483;2;9,2;30/01/2020;cdunne2m
3491942207;true;34053;25;360;1;9,4;29910;19;340;2;8,6;29/02/2020;cbleier2n
3489227645;false;25659;8;409;1;8,6;30299;17;419;2;9,6;21/09/2020;agritland2o
3489282773;true;28032;14;421;2;9,6;24666;9;395;1;8,4;21/03/2020;cgarard2p
3488249599;true;28557;16;380;0;9,2;25031;14;350;1;8,6;07/02/2020;rswadlin2q
3488055921;false;26539;15;378;3;9,6;25780;10;407;0;9,4;20/04/2020;rvynoll2r
3512014915;false;23122;9;336;0;8,6;31752;16;464;3;9,8;22/09/2020;hpietersma2s
3511974685;true;27559;10;463;2;9,8;22456;2;459;0;8,8;28/09/2020;kleakner2t
3512001398;false;22629;5;418;0;9,2;26527;12;455;2;9,8;06/09/2020;mhedditch2u
3511938935;true;23397;7;385;1;8,8;27528;14;431;0;9,6;04/02/2020;etownby2v
3511927287;false;22428;5;420;2;8,8;24137;9;428;1;9,0;15/12/2020;rstrainge2w
3486747230;false;29221;16;405;1;9,0;27256;13;398;2;9,0;29/10/2020;gdanilyak2x
3477155656;false;25773;10;426;2;9,2;28142;13;433;1;9,6;31/08/2020;mdrover2y
3463819853;true;23320;6;448;2;9,4;22712;2;451;1;9,4;17/10/2020;hchipping2z
3461973229;true;24272;7;419;1;9,0;25397;7;480;1;9,6;28/05/2020;zpimmocke30
3454752566;false;23132;5;430;2;8,8;24997;7;474;1;9,2;12/07/2020;skiraly31
3507811406;true;26622;10;428;0;8,6;25682;6;448;3;9,0;22/08/2020;jlingwood32
3507728954;true;25090;9;419;2;8,6;26589;8;431;1;9,0;01/06/2020;cfarbrother33
3507716096;false;24557;11;386;2;8,8;28086;13;451;1;9,4;04/04/2020;ogander34
3507700551;false;26906;10;478;2;9,6;25173;9;453;1;9,4;07/10/2020;jgrubbe35
3507646335;true;30499;18;406;2;9,4;23205;9;337;0;8,6;06/11/2020;mmadill36
3495405228;true;27829;13;416;2;9,8;27036;12;395;1;9,0;07/02/2020;bingon37
3495084355;false;28522;18;371;1;9,0;29899;17;427;1;9,0;02/05/2020;mfiorentino38
3494989641;false;23096;7;392;0;8,6;31460;16;489;3;9,6;24/11/2020;lhadleigh39
3494794885;false;25688;9;430;2;9,0;27798;18;372;1;9,2;08/02/2020;lcamidge3a
3484246773;false;26465;14;359;0;8,6;32134;22;416;3;9,6;20/12/2020;jtembey3b
3451805842;false;24917;11;397;1;9,0;27297;13;421;1;9,2;04/10/2020;ppestor3c
3451739709;true;23282;8;388;1;8,4;26954;14;433;2;9,4;20/07/2020;ccoules3d
3450855716;false;22438;7;379;1;9,2;29563;12;492;2;9,8;05/09/2020;rcraufurd3e
3450767739;false;23129;5;432;0;8,8;23610;7;415;3;8,8;05/04/2020;blowle3f
3511432610;false;23743;6;445;2;9,2;25786;5;482;1;9,4;10/02/2020;gbadwick3g
3502232741;true;28628;17;397;1;9,6;22502;5;387;0;8,8;10/02/2020;mfronsek3h
3481635485;false;27103;12;434;0;9,4;26329;13;367;2;9,0;13/04/2020;fscallan3i
3452107812;false;23535;7;412;1;9,0;29539;11;462;2;9,6;11/05/2020;fpowderham3j
3452053068;false;24640;6;424;0;9,0;30036;14;468;3;9,4;23/02/2020;rdoring3k
3492369782;true;26865;11;442;2;9,2;28576;12;463;0;9,6;13/02/2020;nnormanton3l
3486201066;false;23343;8;426;0;9,0;26958;12;372;2;9,0;23/10/2020;zmantram3m
3486107377;true;26130;10;447;1;9,6;25068;10;425;1;9,0;20/04/2020;fhenstone3n
3480191039;true;30732;16;453;1;9,2;28506;15;425;1;9,4;15/11/2020;ofitzsimons3o
3480155341;true;24219;8;434;1;9,0;26076;9;478;2;9,4;08/11/2020;sallaker3p
3511567531;true;24952;10;410;0;9,0;25775;11;416;3;9,2;17/02/2020;spavlitschek3q
3511561159;true;29631;18;442;3;9,8;23566;7;371;0;8,8;17/04/2020;cjalland3r
3497190858;true;25357;6;411;2;8,8;26651;11;476;1;9,8;16/06/2020;dbiggen3s
3489149321;false;29203;16;425;1;9,8;29816;16;451;2;10,0;05/05/2020;wjouannot3t
3489104877;true;29063;19;412;2;9,6;23718;7;411;0;9,0;21/02/2020;eferran3u
3508546290;true;30301;21;396;2;9,2;26962;12;406;0;8,6;29/01/2020;llamberth3v
3508560041;false;29112;13;449;1;9,4;25733;11;410;2;9,2;08/12/2020;lnacci3w
3505186387;false;27311;10;430;3;9,2;26442;7;432;0;9,2;02/05/2020;jskirling3x
3505211704;true;27777;13;425;2;9,6;25399;11;412;0;9,4;14/10/2020;cdalwood3y
3504350132;false;23445;6;436;0;8,8;30099;14;475;3;9,8;04/06/2020;chodgin3z
3501239305;true;27540;11;388;1;9,2;28248;12;454;1;9,0;10/03/2020;nmcgeraghty40
3501256179;false;25836;9;479;0;9,6;29034;11;466;2;9,6;25/02/2020;njopling41
3493043094;false;24661;5;444;0;8,4;25199;12;426;1;9,4;17/06/2020;dstood42
3493051059;true;29325;13;453;2;9,2;23580;4;438;0;8,6;14/05/2020;lgerardeaux43
3492998686;true;29487;15;451;2;9,8;23900;5;416;1;8,8;17/09/2020;mlechmere44
3511776184;false;24409;9;414;0;9,0;27344;11;451;3;9,0;19/11/2020;premer45
3511709574;false;29481;15;452;0;9,6;20672;3;344;3;8,4;31/10/2020;jnoulton46
3485248432;false;24266;8;398;0;8,8;31630;21;440;2;9,6;12/11/2020;cfranklin47
3480868929;false;27807;14;397;2;8,8;26724;12;428;1;9,0;05/02/2020;epapa48
3470672216;false;27861;14;449;1;9,6;25676;8;421;1;9,2;11/08/2020;dduiguid49
3469713037;false;26821;9;466;1;9,2;28710;14;482;2;9,4;20/12/2020;lvarne4a
3466616325;true;24709;12;419;2;9,2;22738;5;430;1;8,4;21/04/2020;mleeds4b
3464555499;true;27021;9;509;3;9,6;24110;7;449;0;9,2;15/03/2020;rexroll4c
3464513501;false;23157;5;442;0;8,6;30559;16;472;2;9,8;08/03/2020;swhitlock4d
3497142312;false;25030;7;440;2;9,0;28438;12;461;1;9,2;03/05/2020;rgerman4e
3488807763;false;26570;11;370;1;9,0;26963;12;455;1;9,4;24/05/2020;ccoraini4f
3447308397;true;27131;13;479;1;9,6;23832;5;479;1;9,4;24/03/2020;hfenner4g
3445745890;false;23397;6;436;1;9,0;31175;17;497;2;9,8;07/04/2020;czouch4h
3445608206;true;28116;9;491;1;9,8;27240;11;433;2;9,2;05/08/2020;sfittes4i
3487970509;true;32788;24;387;2;9,2;25544;14;316;1;8,8;25/01/2020;jladd4j
3459782621;true;24956;7;472;0;9,4;25658;9;457;3;8,8;30/08/2020;alivingstone4k
3451656088;true;28245;12;461;2;9,6;24050;6;419;0;8,8;02/08/2020;titzkovici4l
3449157928;false;25039;10;374;0;8,4;32009;18;432;3;9,2;15/12/2020;mgillaspy4m
3447677471;true;23055;5;410;1;8,6;29222;18;451;1;9,6;18/06/2020;kbranford4n
3480321143;false;23323;8;406;0;9,0;25447;8;393;2;9,2;14/12/2020;bwoodruffe4o
3480197387;false;23249;9;353;0;8,8;28669;17;407;3;9,8;20/04/2020;ckloisner4p
3480204621;true;29169;18;466;1;9,8;19709;1;375;1;8,2;02/11/2020;rscurman4q
3480250992;true;26588;13;399;1;8,8;27085;11;407;1;9,0;31/05/2020;wellerker4r
3473644387;true;32498;18;481;3;9,8;20892;4;377;0;8,4;24/01/2020;mscutts4s
3511078777;false;26720;11;405;1;9,0;27895;17;394;2;9,0;07/05/2020;bbottby4t
3510206485;true;27491;15;415;1;9,4;27778;9;473;1;9,4;21/06/2020;nkinnock4u
3510160909;false;27372;13;410;1;9,2;23688;8;395;2;8,8;03/02/2020;tjesty4v
3510113685;true;25209;5;477;2;9,0;24427;7;453;1;9,4;04/01/2020;eglencorse4w
3507571870;true;26384;13;405;1;9,0;25840;12;424;2;9,4;18/11/2020;mmonkman4x
3489157426;true;26447;12;459;3;9,8;23220;5;436;0;8,8;02/07/2020;mrushbrook4y
3460577707;true;26688;9;440;2;9,2;23959;6;391;1;9,0;10/11/2020;lpinard4z
3431092003;true;24131;6;433;0;8,8;25638;9;456;3;9,2;01/12/2020;cfortnam50
3430973746;true;23975;6;445;1;9,2;27578;9;490;2;9,4;20/02/2020;tlougheid51
3426072172;true;28272;12;448;2;9,2;23168;7;416;1;9,2;26/05/2020;dgosson52
3499048583;false;26076;10;408;1;9,0;27078;12;447;2;9,6;14/08/2020;mschrader53
3497935006;true;22464;5;413;1;8,6;25375;9;470;2;9,4;21/05/2020;rcadreman54
3497910149;true;27042;14;432;1;9,6;25556;11;370;0;9,0;11/04/2020;nsodory55
3494827729;true;25340;5;465;2;9,2;22593;4;438;1;9,4;16/07/2020;xjudson56
3506201508;false;22630;8;311;1;8,2;32752;24;464;1;9,8;07/08/2020;fjolly57
3505293846;true;30612;19;429;3;9,6;24243;4;452;0;9,0;22/11/2020;fbene58
3505251145;false;23006;5;403;0;8,6;30616;16;486;3;9,4;04/05/2020;llimbert59
3505235120;false;26826;10;452;3;9,4;29526;17;433;0;9,8;07/10/2020;adunhill5a
3505210853;true;28364;15;421;2;9,4;27611;11;448;0;9,4;04/07/2020;badney5b
3507558433;false;26317;12;399;2;8,8;27778;16;384;0;9,2;29/05/2020;bpinxton5c
3504591011;false;26082;6;459;1;9,0;26344;10;477;2;9,4;15/02/2020;ahowden5d
3504500160;true;25408;9;460;0;9,2;24971;7;450;3;9,2;19/08/2020;gloache5e
3501714095;false;22451;6;416;0;9,0;28007;11;464;3;9,4;08/11/2020;sprater5f
3501619551;true;26081;5;490;1;9,0;23241;4;445;1;9,6;29/03/2020;emilesap5g
3511679761;true;28939;17;419;1;9,6;26815;13;403;0;9,6;08/06/2020;milyinykh5h
3511581997;false;25502;12;366;1;9,0;28429;16;403;2;9,2;19/02/2020;bblamey5i
3508617008;false;22504;6;388;0;8,8;27709;9;450;3;9,4;16/01/2020;bimpey5j
3508660429;false;24097;6;438;0;8,8;29543;15;463;3;9,6;17/02/2020;dsivorn5k
3508587246;true;29734;15;485;2;9,8;22889;6;446;1;9,0;15/06/2020;vsiddle5l
3497764252;false;24438;7;417;1;8,6;29994;15;441;2;9,4;02/05/2020;pknoles5m
3497738789;true;32393;18;509;3;9,6;24823;8;443;0;9,2;13/10/2020;jengall5n
3497704639;true;26565;7;463;3;9,4;22625;4;455;1;9,2;04/08/2020;pswait5o
3497740386;false;26088;10;421;1;9,2;26553;12;444;2;9,6;06/04/2020;pcockerill5p
3494736703;true;31049;17;491;3;9,8;22966;5;463;0;9,0;21/10/2020;acatanheira5q
3510161421;true;29333;20;419;2;9,6;26671;12;403;0;8,8;09/02/2020;kschaumaker5r
3488008364;true;23803;8;427;0;8,8;24683;10;389;2;8,6;02/09/2020;ncastagna5s
3461922215;true;28351;12;466;2;9,6;25556;10;393;1;9,0;22/01/2020;dbake5t
3433580311;true;26069;13;406;1;9,4;27139;12;442;1;9,4;14/04/2020;oantham5u
3433555875;true;32257;14;481;3;9,8;18656;1;340;0;7,6;12/04/2020;wbrocklebank5v
3505781690;false;23582;6;437;0;8,8;28630;14;434;3;9,8;19/07/2020;kdelf5w
3505249383;true;33787;19;461;1;9,6;24134;8;357;2;8,8;28/09/2020;kbaccup5x
3505215937;true;27095;15;431;2;9,0;26999;11;452;1;9,0;01/05/2020;gchipman5y
3505191194;true;23077;4;431;1;9,0;23494;4;479;2;9,2;30/07/2020;tmacharg5z
3505156964;true;24017;6;450;1;9,2;25689;10;387;2;9,2;10/08/2020;nsteventon60
3500953434;true;28088;12;445;1;9,6;22986;6;396;2;8,8;12/07/2020;mvonasek61
3475429711;false;22505;8;365;1;8,8;33442;20;455;2;9,8;02/10/2020;tberdale62
3448698652;false;22982;8;365;1;8,8;31319;19;464;1;10,0;11/01/2020;dmacgill63
3436121785;true;27773;15;382;1;9,4;30473;18;422;2;9,0;07/09/2020;okoppen64
3436016935;true;25506;13;379;2;9,2;24761;7;425;1;8,8;04/05/2020;gsmellie65
3493118886;false;24907;13;333;2;8,4;30151;21;400;1;9,2;30/01/2020;jmccauley66
3471033575;true;29610;14;421;3;9,2;24748;10;394;0;9,0;18/09/2020;kkeyzman67
3448316448;false;22363;4;412;0;8,8;28251;14;495;2;9,8;08/05/2020;pwickardt68
3442964993;false;27782;15;386;0;8,8;30141;21;386;2;9,4;19/08/2020;kjurgensen69
3410719165;true;27785;12;452;2;9,6;25811;7;457;0;9,0;26/04/2020;wmintrim6a
3501712219;true;22941;5;443;3;9,0;25090;7;449;0;8,8;04/01/2020;edyerson6b
3501653535;true;31949;21;470;2;10,0;19802;3;353;1;7,8;30/06/2020;mmarians6c
3501608771;false;23302;8;401;0;9,0;27828;11;467;1;9,4;02/05/2020;bgwinnell6d
3499753891;true;29200;20;367;2;9,0;32368;19;373;0;9,0;13/05/2020;kbadrick6e
3499751085;false;26737;10;474;3;9,4;25569;7;440;0;9,2;16/09/2020;abeynkn6f
3499706489;true;28531;16;423;2;9,0;24581;13;356;1;8,6;29/01/2020;vklimczak6g
3499663870;false;23451;8;382;0;8,4;27614;17;409;1;9,2;20/12/2020;akingh6h
3499629086;true;31111;15;475;1;9,2;25973;13;386;1;9,0;18/10/2020;lormerod6i
3500697970;false;24433;11;412;1;9,2;27490;11;454;2;9,4;01/08/2020;dgrafham6j
3497130183;false;27644;12;392;2;9,0;24943;10;404;1;9,0;15/05/2020;ccresser6k
3492034928;false;25835;8;450;3;9,4;28257;13;419;0;9,4;07/09/2020;cpickance6l
3463202209;true;27282;12;436;1;9,2;24405;7;445;1;8,8;12/12/2020;lheinecke6m
3463115652;false;24250;4;454;1;9,2;25468;9;473;2;9,4;13/04/2020;krobbert6n
3507779378;false;21276;9;269;0;7,4;32743;19;392;2;9,0;16/10/2020;cokinneally6o
3476595625;true;22223;3;446;0;8,8;24580;5;498;2;9,4;07/05/2020;dothick6p
3476602825;false;24938;10;416;0;9,4;27161;13;432;2;9,2;01/02/2020;dsee6q
3476619860;false;26353;14;403;1;9,2;27665;14;442;2;9,2;13/02/2020;okaygill6r
3476415882;false;31867;20;445;3;9,4;25510;12;382;0;8,6;24/10/2020;wmcgeraghty6s
3506516221;true;25550;13;392;1;9,2;25661;10;405;2;9,4;31/10/2020;ahexam6t
3506552573;true;30470;16;434;2;9,8;27064;10;444;0;9,4;15/04/2020;mkynforth6u
3506508290;false;25871;7;459;2;8,8;30528;16;464;1;9,6;18/12/2020;gburley6v
3506455941;true;28272;12;458;3;9,6;26027;9;439;0;9,0;13/02/2020;dtompkin6w
3506471591;true;28652;9;501;3;9,6;25448;9;412;0;9,2;19/02/2020;kmisken6x
3508963118;true;27848;13;440;2;9,2;23118;8;383;1;8,4;29/08/2020;astihl6y
3508954290;false;23810;6;369;1;8,8;29881;19;464;2;10,0;09/10/2020;wbulmer6z
3508679817;true;32951;19;504;3;9,8;21513;3;378;0;8,6;11/09/2020;nkochel70
3508613543;false;30100;20;373;1;9,0;32106;21;436;2;9,6;30/06/2020;mhasted71
3507235308;true;28326;15;406;3;9,2;27545;15;417;0;9,0;05/11/2020;psinkings72
3497912258;false;27235;11;435;1;9,0;30634;16;487;2;9,6;05/08/2020;bpurselowe73
3484385205;false;22398;7;372;0;8,4;28317;13;441;3;9,2;24/04/2020;rfries74
3484307926;true;28543;15;447;1;9,4;24029;7;419;0;9,4;03/11/2020;kgemmell75
3483263292;false;24605;12;371;0;8,8;31316;18;431;3;9,8;08/04/2020;arowatt76
3483199702;false;28479;13;451;1;9,2;30957;18;420;2;9,6;16/05/2020;rfigures77
3512033847;false;27130;10;395;3;9,0;26375;10;420;0;9,0;16/07/2020;skettell78
3512031848;true;30884;16;446;1;9,6;26313;13;391;1;9,0;03/03/2020;aharmston79
3511969548;false;25933;8;401;2;8,6;26272;12;419;1;9,2;19/07/2020;gmizen7a
3511958080;false;28826;12;467;1;10,0;25581;8;468;2;9,2;15/06/2020;gvarvell7b
3496769765;true;25273;12;407;2;9,2;25041;8;449;1;9,4;06/02/2020;hdufour7c
3496278179;false;24365;7;412;1;9,2;29224;12;499;2;9,6;18/10/2020;gyuryichev7d
3488795049;true;27163;17;354;3;9,4;25856;10;406;0;9,2;24/04/2020;ceasterby7e
3485847114;false;26913;7;474;2;9,2;25463;6;484;1;9,2;12/02/2020;jkeary7f
3485853300;true;29231;11;522;3;9,8;23821;4;498;0;9,2;10/01/2020;lshaxby7g
3489469948;false;25507;13;364;0;9,2;26358;13;401;2;8,8;08/12/2020;jhallas7h
3489101071;true;33768;18;452;2;10,2;25361;12;403;0;9,0;25/03/2020;rsempill7i
3488998066;true;27565;12;395;3;9,0;29084;17;422;0;9,2;28/10/2020;gcraighill7j
3488973038;false;21695;3;423;0;8,6;29333;12;540;2;9,8;18/04/2020;rblasik7k
3488839372;true;31885;18;454;2;9,6;23570;6;374;0;8,6;20/04/2020;tgisbourn7l
3505798468;true;28040;7;436;1;9,4;26088;10;451;1;9,4;11/10/2020;tjenicek7m
3504098809;true;27575;13;440;2;9,2;22096;7;358;0;8,4;30/08/2020;rodare7n
3504111753;true;26458;11;450;1;9,6;25904;8;449;2;8,8;09/09/2020;easser7o
3503983636;true;29707;11;495;2;9,8;23274;5;447;0;9,0;30/11/2020;mmardell7p
3503908998;true;25692;9;442;0;9,4;27932;10;495;3;9,6;10/10/2020;zhenden7q
3511439976;false;30316;16;460;1;9,6;25394;10;438;2;9,0;08/03/2020;sgirone7r
3510666383;true;27378;16;395;2;9,0;22674;8;354;1;8,6;23/03/2020;clemm7s
3510664161;true;24108;3;478;3;9,2;22618;5;431;0;9,2;11/07/2020;jshortin7t
3509352659;true;27148;12;407;1;9,6;24548;9;412;2;9,2;15/09/2020;rjaynes7u
3509331190;true;28961;15;364;1;8,8;29395;17;432;2;9,6;20/02/2020;smcquode7v
3490092979;false;28262;14;439;0;9,2;28301;12;430;3;9,4;22/09/2020;alichtfoth7w
3490016694;true;28497;14;459;1;9,4;24282;8;455;1;9,2;03/09/2020;bbellino7x
3490003757;true;31313;18;479;2;9,8;21450;2;395;0;8,8;18/01/2020;egladstone7y
3489938614;false;25683;7;494;1;9,4;28684;12;496;2;9,6;27/02/2020;pgavan7z
3484637258;true;27670;14;419;1;9,2;24380;6;478;1;9,2;02/02/2020;ldearth80
3505711563;false;21505;7;315;0;8,4;32872;18;453;3;9,6;14/10/2020;dlassells81
3480228815;false;26151;9;463;1;9,6;26453;8;501;2;9,8;28/03/2020;lcavil82
3475749549;true;23596;11;338;1;9,2;26833;7;458;1;9,0;15/08/2020;kpetrashkov83
3457599416;false;26581;12;398;0;9,4;27054;15;425;3;9,4;19/10/2020;operes84
3446208955;false;23946;9;397;0;9,0;31395;19;402;3;9,2;21/11/2020;cwalczak85
3497896555;false;23483;8;417;0;9,2;25150;10;442;3;9,4;16/05/2020;dstarton86
3497678183;true;26827;8;465;2;9,2;23390;6;426;1;9,0;04/12/2020;lyurtsev87
3479751496;true;29813;20;422;1;9,4;25688;9;406;1;9,0;13/02/2020;crozenzweig88
3449090387;false;24394;5;416;1;8,8;27248;10;486;2;9,6;04/06/2020;jpedri89
3485451915;false;29554;13;447;2;9,4;22919;6;434;1;8,8;22/09/2020;sjaynes8a
3485414399;true;28051;15;404;2;9,2;27198;8;403;1;8,8;29/10/2020;leickhoff8b
3485162410;true;27772;14;467;1;10,0;23177;4;448;1;9,4;15/01/2020;mdownton8c
3485148542;false;22067;4;436;1;8,8;28131;11;492;2;9,8;01/04/2020;wshovelbottom8d
3485096123;true;27042;11;389;2;9,2;24428;11;392;0;9,0;28/12/2020;sshirlaw8e
3489192253;false;25623;8;422;0;9,0;27842;15;437;2;9,4;17/07/2020;emcavey8f
3467196116;true;32641;21;500;1;9,8;23893;5;385;2;8,6;27/05/2020;spavluk8g
3432038666;false;24411;5;419;0;8,8;26440;13;431;3;9,0;04/07/2020;vwoolhouse8h
3390955679;true;26362;12;428;2;8,6;29549;14;445;1;9,2;26/05/2020;mgurge8i
3379027185;false;25482;12;347;0;8,6;28671;18;460;2;9,4;14/01/2020;tjeaffreson8j
3483757035;false;22091;5;425;0;9,0;29432;11;487;2;9,6;21/02/2020;dgorgler8k
3483637139;false;27335;9;474;1;9,2;26859;11;468;1;9,6;10/08/2020;chaet8l
3483654144;true;30507;16;495;3;9,6;22870;6;397;0;8,6;19/07/2020;ccregin8m
3483620756;true;29128;17;394;3;9,2;25374;12;409;0;8,8;03/02/2020;ehowselee8n
3510946224;false;24206;7;412;0;9,0;30872;16;420;3;9,4;08/12/2020;mcalendar8o
3509875113;false;21710;1;482;0;9,2;26583;8;498;3;9,6;22/03/2020;twoofinden8p
3509861003;false;25357;8;418;2;8,8;28157;16;384;1;9,4;15/02/2020;estreeton8q
3509765185;true;24253;8;441;1;9,4;23184;5;472;2;9,2;18/11/2020;wcouth8r
3509679013;false;26266;6;490;2;9,2;24083;7;446;1;9,2;08/04/2020;yshall8s
3509830237;false;26249;12;409;2;9,0;27857;13;472;1;9,8;13/12/2020;craff8t
3509665488;true;25440;10;409;2;9,2;28287;13;459;1;9,4;15/09/2020;bvanichev8u
3509638831;false;28375;16;434;1;9,8;29133;16;423;1;10,0;18/04/2020;egalpen8v
3508185684;true;29645;14;435;3;9,8;27543;13;419;0;9,6;04/10/2020;nongin8w
3508016948;true;28338;15;404;2;9,4;26567;12;404;1;9,2;08/11/2020;swastie8x
3477881328;true;26655;11;404;3;8,8;26264;15;392;0;9,0;20/10/2020;elaherty8y
3477851838;true;30418;12;427;3;9,2;20377;5;335;0;7,4;09/06/2020;haberchirder8z
3477788015;false;23431;8;417;0;9,0;29860;16;483;1;9,8;05/10/2020;avacher90
3477794527;false;22447;7;366;1;8,4;29970;14;471;2;9,6;06/05/2020;lgeffcock91
3477741908;false;30577;20;389;3;9,6;28217;13;414;0;9,4;20/01/2020;curidge92
3468960932;false;25969;11;390;1;9,2;30122;16;436;1;9,6;07/05/2020;bgrigsby93
3454726295;false;23954;8;390;1;9,0;30270;18;460;2;10,0;08/07/2020;wgiacomoni94
3454689159;true;28580;11;407;3;9,2;21238;2;429;0;8,8;27/06/2020;jfrancesconi95
3454633594;true;29000;14;459;2;9,6;25251;5;485;1;9,4;28/01/2020;idelamar96
3486713200;false;28347;14;444;1;9,4;25883;13;423;1;9,0;01/05/2020;zdomanski97
3486628387;true;26577;11;405;2;9,4;23197;6;392;1;8,8;14/08/2020;lrentcome98
3486605042;false;26721;10;384;0;8,8;38781;30;461;3;10,0;14/05/2020;goxburgh99
3473065987;true;25486;10;431;0;9,4;24706;7;402;3;9,2;16/08/2020;kpetran9a
3472856856;true;28291;17;424;1;9,8;25283;10;407;1;9,2;01/10/2020;esakins9b
3511273301;false;23228;6;432;0;9,2;24992;8;414;2;9,6;09/12/2020;dpinnigar9c
3497041802;false;27624;16;370;1;8,8;27169;14;426;2;9,0;17/06/2020;hianitti9d
3494410879;false;26717;15;320;0;8,8;34126;25;385;3;9,4;10/07/2020;afarbrace9e
3474699207;true;27954;20;373;2;9,2;28509;17;399;0;9,4;10/09/2020;dhartrick9f
3443001645;false;20822;6;292;0;8,0;30849;20;435;3;9,6;22/07/2020;mbapty9g
3510268757;true;27768;13;387;1;9,2;29345;19;382;2;9,4;04/05/2020;aturnock9h
3508803132;false;26605;8;476;0;9,6;29881;16;424;3;9,4;12/08/2020;bmunn9i
3508686876;false;26733;10;377;1;9,0;32869;23;422;2;9,6;19/12/2020;bgell9j
3507677501;true;25659;10;415;2;9,0;26277;11;401;2;9,0;16/02/2020;wmosey9k
3507633205;false;23761;8;414;3;8,8;26790;13;368;0;9,2;09/07/2020;lhodcroft9l
3506368183;true;30589;17;465;1;9,6;23057;7;372;1;8,6;23/12/2020;kwiffield9m
3506333770;false;23302;9;351;1;8,4;29902;18;369;1;9,0;23/05/2020;bleyland9n
3504029596;true;26135;11;456;1;9,4;28588;14;418;2;9,6;27/10/2020;kwoollends9o
3504020897;false;28418;17;384;3;9,2;31385;21;403;0;9,4;11/04/2020;rpalfreyman9p
3503955999;false;23076;8;365;0;8,0;29002;15;444;3;9,2;29/01/2020;emarshallsay9q
3511933318;true;31070;16;452;1;9,6;21813;6;378;1;8,6;28/01/2020;sfumagallo9r
3511950242;false;24235;6;428;2;9,0;27000;13;432;0;9,4;12/02/2020;cmccormack9s
3511650645;true;29514;11;466;1;9,6;27610;17;408;2;9,4;01/01/2020;ctrainor9t
3511595119;true;30073;15;482;2;9,8;22795;5;353;1;8,6;07/03/2020;bdowdle9u
3511508775;false;26572;12;397;1;9,2;27353;12;447;1;9,2;11/05/2020;cseamon9v
3505314957;true;27530;10;473;2;9,6;25923;6;490;1;9,2;26/01/2020;rcanas9w
3504628944;true;29843;15;440;3;9,4;24028;8;420;0;9,0;13/02/2020;lbacchus9x
3501380517;true;32567;17;476;3;10,0;23104;7;380;0;8,6;28/04/2020;mlindsley9y
3493104565;false;24135;8;389;0;8,6;29611;14;454;3;9,8;06/05/2020;bvegas9z
3471071925;false;23519;6;439;0;8,6;30220;12;512;3;10,2;22/07/2020;skernara0
3511089422;false;25748;12;352;0;8,8;34443;21;416;4;9,6;24/07/2020;linstocka1
3511055211;true;25970;10;438;1;9,0;25864;9;406;2;9,0;17/11/2020;abjorkana2
3508148129;false;28547;11;447;0;9,6;28504;16;492;2;9,6;27/06/2020;ltencha3
3508201140;false;22766;7;398;0;8,4;29659;14;454;1;9,8;11/10/2020;mhavillea4
3485079293;true;26179;9;450;3;9,4;26289;13;398;0;9,6;30/08/2020;jcaldairoua5
3485047008;true;29520;17;430;1;9,4;28595;18;427;2;9,4;11/03/2020;btolputta6
3485043750;false;24169;9;387;2;8,8;28530;17;432;1;10,0;17/10/2020;mcassara7
3512044934;false;21490;5;386;1;8,4;29189;13;474;1;9,8;22/07/2020;anivena8
3512060570;false;22159;2;442;0;8,6;29805;14;525;3;10,0;04/10/2020;eworthingtona9
3511979617;false;22674;4;438;2;8,8;25584;10;461;1;9,6;12/08/2020;fhandforthaa
3512016239;false;24562;3;483;0;9,6;25317;7;482;2;9,4;07/03/2020;lbristonab
3511097492;false;26125;14;385;0;9,2;28709;15;463;2;9,2;21/09/2020;bstreetsac
3511894577;true;25381;11;417;1;9,2;23284;5;377;2;8,6;02/07/2020;alettsomad
3511828615;true;28273;11;477;2;9,4;22700;5;432;0;9,2;15/08/2020;jsharpleae
3511774398;false;24196;9;384;0;8,8;29684;19;414;3;9,8;15/05/2020;mguareaf
3511740947;false;25831;7;416;2;9,0;24514;5;444;0;9,4;13/05/2020;hlyleag
3508641379;false;26579;10;470;2;9,2;27731;14;430;0;9,6;20/02/2020;vgoldmanah
3486902014;true;30610;25;417;2;10,2;21912;4;393;0;8,4;25/12/2020;pheinssenai
3486795740;false;26906;10;427;2;9,2;25368;7;465;1;9,2;09/01/2020;lkondrachenkoaj
3486811638;true;30549;20;436;1;9,6;18245;1;325;0;7,6;25/04/2020;hrodenburgak
3486745819;true;26218;13;413;1;9,0;23322;8;386;2;8,8;01/02/2020;lwellenal
3499093242;false;23408;8;399;2;9,0;28542;14;447;0;9,6;14/11/2020;breaham
3472570429;true;27607;12;421;1;9,4;25802;10;449;1;9,0;07/09/2020;mkirwinan
3472538086;true;26195;11;464;2;9,2;22024;5;410;1;8,8;22/11/2020;clevisonao
3472505784;false;25239;11;406;1;9,2;25251;6;446;2;9,2;02/02/2020;gharmesap
3472493545;true;27798;14;457;1;9,2;22053;6;372;1;8,4;06/02/2020;fgilhespyaq
3477145782;true;26874;10;431;3;9,4;26981;8;486;0;9,4;18/12/2020;kpoulneyar
3477110264;true;26798;10;393;3;8,8;27486;13;418;0;9,2;06/02/2020;tbugleras
3477074280;false;26103;5;449;2;9,2;27055;11;432;1;9,2;15/11/2020;zyellat
3477008341;true;27165;14;429;0;9,0;25009;8;415;3;8,6;28/08/2020;cendenau
3476994132;false;28150;14;404;2;9,2;27335;11;459;1;9,4;14/06/2020;jnairnav
3511767060;false;28928;15;410;1;9,2;26035;11;415;2;9,0;19/05/2020;mgirardengoaw
3511761087;true;28262;13;437;2;9,6;24999;10;393;0;9,2;15/01/2020;cgemnettax
3511741145;false;22988;4;432;0;9,0;24806;8;449;2;9,6;04/08/2020;sfranceyay
3511644758;false;25209;5;478;2;9,6;25661;10;458;1;9,8;29/12/2020;kpickstonaz
3497321806;true;28023;11;474;3;9,8;25155;7;432;0;9,2;21/05/2020;ualldisb0
3474160975;true;24882;6;480;1;9,6;22861;4;436;0;9,4;08/01/2020;cmcmanusb1
3473965233;true;27941;13;425;1;9,2;26052;9;422;1;9,4;04/12/2020;vflattmanb2
3473515775;true;31827;14;488;3;9,6;20757;4;350;0;8,0;19/07/2020;mwurstb3
3473251400;false;30896;16;450;0;9,6;27270;17;376;0;9,2;12/10/2020;bjorinb4
3511525150;false;24967;10;409;1;9,0;25567;10;452;1;9,0;18/12/2020;ssedgwickb5
3511418988;true;25441;9;424;2;8,8;26092;13;417;1;9,2;26/02/2020;mperazzob6
3511398435;false;25037;8;449;0;9,4;28546;14;459;2;9,6;18/05/2020;edoolerb7
3511391726;true;27260;12;426;2;9,6;22695;6;388;1;8,8;21/12/2020;pteresiab8
3511306689;true;29095;18;425;1;9,4;24476;12;371;0;9,0;13/08/2020;bstammlerb9
3506885611;true;26245;6;463;2;9,4;21828;3;430;1;8,8;28/08/2020;cspeerba
3506890934;true;26814;13;396;2;9,0;28139;16;405;1;9,2;04/03/2020;snapthinebb
3506826710;false;22724;9;331;0;8,2;28241;14;405;3;9,2;22/02/2020;psheersbc
3493139442;true;29308;18;374;1;9,2;25775;8;450;1;9,4;04/05/2020;phigounetbd
3493135625;false;24221;6;395;0;8,8;31559;18;455;3;9,8;04/04/2020;mquakleybe
3498683127;true;29726;18;444;2;9,8;24628;5;410;1;9,0;27/11/2020;gsamworthbf
3496328327;true;30901;19;419;2;9,2;25522;13;346;1;8,4;28/02/2020;tosboldstonebg
3496333327;true;32249;23;424;3;9,4;24564;7;440;0;8,8;31/08/2020;dsnailhambh
3494523625;true;24343;9;405;2;8,4;28784;14;454;1;9,6;27/05/2020;mlumleybi
3494520943;true;28146;15;448;3;9,4;26773;12;410;0;9,0;03/12/2020;ocowderaybj
3493292712;true;28074;18;436;2;9,4;26927;10;436;0;9,4;23/04/2020;dfockebk
3456888236;true;27784;11;482;2;9,6;24441;7;466;0;9,4;15/01/2020;dmacdonnellbl
3454869971;true;27786;15;435;2;9,4;26266;10;419;0;9,2;01/01/2020;jkyberdbm
3454796524;false;22825;5;424;0;9,0;26674;9;480;2;9,4;05/06/2020;jkrautbn
3454293105;false;23170;7;405;3;9,0;28122;16;421;0;9,6;16/10/2020;jbloxholmbo
3501261590;true;30033;14;443;1;9,2;26239;13;369;2;8,8;04/02/2020;fjannaschbp
3501106130;true;24999;10;391;1;9,2;24660;13;383;1;9,0;18/02/2020;dhazellbq
3500986618;true;29550;12;506;3;9,6;22941;4;448;0;9,0;06/05/2020;kbrumbr
3500880598;true;25518;8;501;0;9,8;23716;5;481;3;9,2;31/10/2020;amurkinbs
3500803682;true;27194;11;471;2;9,8;22686;7;384;1;8,8;20/04/2020;ayarnoldbt
3509543939;true;28516;12;481;2;9,8;21615;1;449;1;8,6;02/03/2020;bewertbu
3504042570;false;24856;9;409;1;8,6;28748;13;427;2;9,4;25/12/2020;bchennellsbv
3503928830;true;30450;16;445;1;9,6;24155;7;414;1;9,0;21/05/2020;fyoulebw
3503921534;true;27728;15;452;1;9,4;22754;5;417;0;9,0;26/11/2020;aummfreybx
3501332385;false;22615;5;413;0;8,8;32023;21;491;2;10,2;23/01/2020;ehuccabyby
3508858012;false;23256;5;438;0;9,2;25134;6;469;2;9,2;20/02/2020;lsamudiobz
3508671407;false;28959;14;436;2;9,2;31147;20;403;1;9,6;05/03/2020;cguillouc0
3508038896;false;27397;17;359;2;9,4;28562;21;358;1;9,2;14/05/2020;fbrewisc1
3504403531;true;32295;24;443;3;10,0;22766;8;367;0;8,6;16/03/2020;greaganc2
3504262654;true;28903;15;463;1;9,8;24371;8;387;2;8,8;12/12/2020;ewishartc3
3485766889;true;24229;6;436;1;9,0;25355;11;419;1;9,2;19/09/2020;hclinkc4
3485731855;true;25588;6;448;3;8,8;24588;10;381;0;9,2;29/01/2020;ngillumc5
3485692498;true;25068;10;461;1;9,6;24278;7;441;2;9,0;10/09/2020;khudghtonc6
3485587375;true;28032;14;408;2;9,2;24143;7;414;1;8,6;22/04/2020;rsoldnerc7
3485549164;true;25263;8;451;1;9,4;27642;9;475;1;9,6;22/02/2020;cmariaultc8
3489248233;true;29197;18;421;3;9,8;24531;7;437;0;9,0;04/03/2020;dblumc9
3489274602;false;25264;10;408;0;9,2;31457;13;497;2;9,6;19/04/2020;rbrognotca
3489208554;true;29397;10;476;3;9,6;25575;7;490;0;9,6;25/03/2020;mjellingscb
3487035395;false;25574;10;394;0;9,0;30880;21;446;3;9,8;22/01/2020;mcummingcc
3486976566;true;24301;6;435;0;9,4;23607;4;484;1;9,6;01/08/2020;gboothbycd
3510697107;true;30745;16;475;3;9,8;23201;10;333;0;7,8;16/06/2020;gnevisonce
3501716711;false;23598;7;425;1;8,6;27473;10;488;2;9,0;20/11/2020;whuiecf
3499665048;true;23540;7;456;1;9,0;25362;7;491;1;10,0;18/12/2020;hpostoncg
3508577577;true;28531;13;421;2;9,2;28413;17;442;1;9,4;16/04/2020;bfancettch
3508554492;true;31676;21;428;3;9,8;22550;4;377;0;8,2;01/10/2020;sblackieci
3507614352;false;24782;10;402;1;9,2;27263;13;435;2;9,8;09/06/2020;wshewrycj
3496280758;true;27589;12;429;3;9,2;26007;9;461;0;9,0;19/03/2020;arubanenkock
3492743712;true;37391;27;474;2;10,0;23275;9;394;0;8,6;10/02/2020;ccarlcl
3511564035;false;25815;13;390;2;9,0;27906;18;373;1;9,4;26/03/2020;mscuttercm
3511549838;false;21838;3;433;0;8,8;27660;11;471;3;9,2;07/09/2020;dmiskimmoncn
3511482156;false;24192;5;409;2;8,6;26348;13;364;1;9,2;15/09/2020;kscrowsonco
3511423599;true;28841;11;474;2;9,0;24454;8;385;0;8,6;12/02/2020;beggerscp
3511391447;false;26204;14;371;0;8,6;33548;24;419;3;10,0;27/02/2020;aramsdellcq
3508509188;true;26974;10;441;3;9,4;27245;11;455;0;9,2;14/11/2020;pkardosstowecr
3501086631;true;26668;10;472;0;9,8;24917;9;413;2;9,0;09/05/2020;aaleksashincs
3500822233;false;29635;16;432;1;9,4;31027;19;404;2;9,4;24/06/2020;igallegoct
3499376465;true;25884;10;474;2;9,8;22845;7;383;0;9,0;25/10/2020;kcotterrillcu
3498827031;false;24466;7;435;2;9,0;24756;7;465;0;9,2;25/06/2020;mcomelinicv
3511187143;false;23420;6;426;0;8,8;26633;11;460;3;9,0;19/04/2020;beilhermanncw
3511160988;true;25753;12;410;3;9,2;24790;12;396;0;9,4;13/02/2020;dcastillocx
3509624363;false;25239;9;438;1;9,2;26310;12;476;1;9,4;13/08/2020;wwyldborecy
3509550719;true;24659;7;461;0;9,2;25688;12;407;1;9,2;26/11/2020;lbilamcz
3508230187;false;26861;10;395;1;9,2;31014;17;493;2;10,0;24/10/2020;gcamped0
3497017576;false;27883;14;419;2;9,2;27896;13;451;1;9,6;20/11/2020;kmckerrowd1
3496992068;true;26764;11;425;2;9,4;28620;12;478;1;9,8;29/01/2020;smatteid2
3495028634;true;29527;12;495;2;9,8;22887;5;400;1;8,8;19/09/2020;jmaclavertyd3
3495005360;true;32822;19;430;2;9,6;24129;9;388;1;8,8;13/05/2020;nhuzzeyd4
3494884595;false;25530;11;390;1;9,2;30670;15;433;2;9,2;06/07/2020;jminord5
3507596687;true;29909;23;404;1;9,4;29837;18;389;1;9,4;04/04/2020;lpeertd6
3507536089;true;26994;11;452;1;9,4;25730;11;409;1;9,2;25/05/2020;ekenawayd7
3507487924;true;30263;19;421;2;9,0;25469;9;340;1;8,4;29/06/2020;rnolleaud8
3491081936;false;27954;11;452;4;8,8;25272;8;409;0;9,2;14/02/2020;pgeharked9
3490998054;false;25935;11;458;1;9,2;30238;16;434;2;9,4;31/01/2020;kpowysda
3512042989;true;26473;9;418;1;9,2;24535;6;442;1;9,6;27/10/2020;mpratendb
3512009241;false;24538;5;481;1;9,4;24365;7;446;1;9,0;06/11/2020;dmcelroydc
3512016922;false;24238;12;344;0;8,8;31114;18;436;3;9,6;05/06/2020;mvaldesdd
3512013351;false;23346;10;373;0;8,6;27881;14;408;2;9,2;22/09/2020;aadlardde
3481579156;false;29865;15;422;1;9,2;24659;9;403;2;9,0;16/03/2020;qprittydf
3481552892;false;24735;10;369;0;9,0;30272;16;456;2;9,6;28/03/2020;cbelchamdg
3481506261;false;24593;8;404;2;8,6;33417;22;420;2;9,6;12/08/2020;ablivendh
3481404473;false;27988;12;397;2;9,2;25560;11;413;1;9,2;19/09/2020;mmorenodi
3481307190;true;25431;12;433;2;9,4;26282;12;423;0;9,6;22/05/2020;tbockmanndj
3512054031;true;30156;16;441;2;9,2;24835;8;362;1;8,6;24/01/2020;alivesaydk
3511998771;true;28494;9;481;3;9,4;25274;5;450;0;9,2;17/12/2020;srugierodl
3511251833;false;24854;8;401;2;8,6;29220;15;470;1;9,8;03/01/2020;tbracchidm
3511146989;true;28816;14;425;2;9,2;25087;11;355;1;8,0;25/02/2020;rharbottledn
3501563323;false;25891;10;466;2;9,4;24738;4;469;0;9,2;08/03/2020;salsopdo
3477863729;true;29057;14;446;0;9,6;22603;4;437;3;8,8;15/09/2020;anottramdp
3449570858;false;26788;12;440;1;9,8;28910;13;475;1;9,6;28/04/2020;rtejerodq
3418695217;true;27802;16;335;2;8,8;28006;14;362;0;8,6;25/03/2020;bpetticrewdr
3418647227;true;27247;11;460;0;9,6;26226;10;470;3;9,8;11/06/2020;zbowleyds
3510829088;false;29390;14;476;3;9,6;26111;12;428;0;9,0;09/12/2020;jtrenchdt
3510143757;false;25035;7;442;1;8,8;30095;16;443;2;9,4;22/02/2020;amurtydu
3510070262;true;28430;12;470;3;9,6;24202;5;474;0;9,2;07/09/2020;nelmesdv
3509954872;false;21596;4;408;2;8,8;30844;17;486;1;9,8;02/08/2020;ebreffittdw
3495075434;false;28488;17;382;1;9,2;27993;14;400;1;9,2;10/09/2020;ecornilldx
3495032362;false;23515;11;311;0;8,8;29020;17;457;1;9,4;23/06/2020;prosenbladdy
3494127488;true;33369;23;481;2;9,6;21831;9;302;1;8,4;17/10/2020;cmaindsdz
3493703435;true;29128;18;396;2;9,2;25929;12;374;1;9,0;11/08/2020;acaseye0
3511514798;false;27561;18;379;0;9,8;27672;12;421;3;9,2;04/09/2020;vdhooghee1
3511435309;true;31224;22;358;2;8,8;25966;12;393;0;8,4;21/08/2020;nmalbone2
3511378865;false;22050;3;425;0;8,6;27591;13;485;1;9,8;15/09/2020;edibbine3
3511403981;true;29051;19;377;3;9,4;28990;15;427;0;9,0;25/05/2020;ccallume4
3478433695;false;27202;10;424;0;9,0;29815;14;485;2;9,8;29/12/2020;tsquibee5
3473199628;false;23662;7;365;0;8,6;25560;11;398;3;9,2;21/01/2020;dwidmoree6
3473245432;false;25480;7;454;2;9,0;25778;12;438;1;9,6;08/05/2020;alinkletere7
3469943240;false;25772;12;417;2;9,4;28250;14;415;1;9,2;11/09/2020;kkneebonee8
3504318582;true;27259;12;424;1;9,0;23934;6;423;2;9,0;06/07/2020;vpumfreye9
3503372312;false;27583;14;452;1;9,4;26220;10;410;2;8,8;07/10/2020;lrebeiroea
3501028119;false;23793;8;406;0;8,8;28049;10;458;3;9,2;02/10/2020;bfilchagineb
3501006117;true;33620;18;480;3;9,8;17949;1;300;0;7,6;21/04/2020;aiannelliec
3495703806;false;26377;9;430;1;9,0;29099;14;494;2;9,4;17/05/2020;ifraschinied
3510838479;false;26194;10;444;0;9,0;29062;14;424;3;9,4;14/05/2020;sobbardee
3509794196;true;30713;23;424;2;10,0;25866;12;431;1;9,2;08/09/2020;tkixef
3509544920;true;31261;17;462;1;10,0;26031;10;462;1;9,0;05/07/2020;awyldisheg
3509551001;true;27367;8;496;1;9,4;22998;5;447;0;9,0;09/06/2020;gmulveyeh
3507218559;true;26596;11;457;1;9,6;23604;6;462;2;9,2;28/04/2020;rtremathickei
3499822006;false;25237;11;422;1;9,8;25625;7;427;2;9,2;05/10/2020;ajuniferej
3499849974;false;25114;10;399;0;9,2;27414;10;439;3;9,2;05/02/2020;wkiftek
3499749152;true;27150;14;404;1;9,6;24203;9;429;2;8,8;22/12/2020;lduplainel
3499756034;true;28426;15;471;2;9,4;24706;8;441;1;9,4;23/08/2020;oogelsbyem
3506414617;true;28933;14;410;2;9,0;24610;9;420;0;9,0;17/06/2020;zmaureenen
3506348017;false;22660;4;444;1;9,0;24167;7;425;3;9,2;28/11/2020;sgadieeo
3504992860;false;27173;13;362;1;9,0;32364;25;463;2;10,2;03/06/2020;jgossingtonep
3501933662;true;29259;15;442;2;9,6;23459;9;401;0;9,0;10/12/2020;dkilleeneq
3501838810;true;27650;13;465;3;9,6;25549;10;416;0;9,0;23/07/2020;dcunnaneer
3506822330;true;24918;7;505;1;9,6;22974;4;469;2;9,2;04/06/2020;bcremines
3478134276;true;27798;16;418;1;9,6;29056;14;419;2;9,2;16/12/2020;mindgeet
3447586821;true;23820;10;342;0;8,8;27669;15;387;2;9,0;30/07/2020;jshurmaneu
3406445766;true;27065;16;422;2;9,4;24921;4;433;1;8,8;29/07/2020;mcaretteev
3405188131;false;24951;6;439;0;8,8;27886;16;416;3;8,8;25/07/2020;faxonew
3483424920;false;27729;10;431;1;9,2;24602;9;420;1;9,2;20/09/2020;ejosefowiczex
3483411675;false;22808;9;364;1;8,0;31202;19;421;2;9,6;07/08/2020;aseviourey
3473767335;true;27185;14;432;1;9,4;26978;10;446;2;9,4;22/10/2020;hpaveseez
3473078288;false;22602;4;441;2;9,4;26889;8;484;1;9,8;05/08/2020;dryhorovichf0
3473063180;true;27547;13;401;2;9,2;27538;12;443;1;9,4;22/01/2020;lfouldesf1
3509647813;false;25679;9;419;0;9,0;28159;13;449;2;9,0;03/02/2020;eadacotf2
3509567911;false;23068;6;397;1;9,2;25626;8;446;2;9,4;18/05/2020;szebedeef3
3506935686;false;23002;6;365;1;8,6;33107;26;450;2;9,8;13/06/2020;adabneyf4
3504837712;true;29437;17;430;2;9,6;25032;9;412;1;9,2;21/04/2020;sdyerf5
3502003108;false;24832;9;407;3;9,0;28935;16;457;0;9,8;26/03/2020;callibertonf6
3495326612;false;21469;5;362;0;8,8;34010;23;428;3;9,6;25/05/2020;kmataninf7
3492685254;true;27840;11;449;2;9,4;23680;6;421;1;8,8;04/01/2020;eeberstf8
3461240614;true;28477;14;409;2;9,4;28353;11;425;0;9,4;06/01/2020;jlordenf9
3454937627;false;25836;11;394;1;9,2;30488;17;455;2;9,2;19/02/2020;aoxnamfa
3483925454;true;32188;21;470;3;9,8;19986;4;344;0;8,2;14/12/2020;lbarczynskifb
3455009425;true;27201;11;414;3;9,4;23542;4;471;0;9,2;17/05/2020;nalexsandrovichfc
3418846868;true;22996;9;395;2;9,0;27291;9;480;0;9,4;09/05/2020;tgiggiefd
3379028625;true;32590;20;452;1;9,8;25051;12;395;0;9,2;24/06/2020;ntennewellfe
3378926541;false;22630;2;388;1;8,4;27531;12;464;2;9,4;09/11/2020;edelacosteff
3482512786;true;28194;11;443;1;9,2;27622;13;440;2;9,0;17/07/2020;lbrouardfg
3479271381;false;24333;11;389;2;8,6;29239;15;445;1;9,6;27/03/2020;jkeerifh
3478221075;false;26425;10;422;1;8,8;26813;11;423;1;9,0;15/08/2020;bpesterfieldfi
3478118109;false;26781;12;391;0;8,6;32495;20;437;3;9,2;04/08/2020;mbrandinfj
3468492396;false;24910;9;436;0;9,0;28893;14;458;3;9,4;29/04/2020;mstentonfk
3511985604;false;24201;10;341;0;8,6;33184;23;385;2;9,4;09/02/2020;mstutherfl
3512022790;false;24184;10;387;0;8,8;28123;10;448;3;9,4;24/09/2020;litzigfm
3511906994;false;23857;10;372;0;8,4;25226;12;383;1;9,0;23/01/2020;aodempseyfn
3511904907;false;27375;13;391;1;8,8;33260;29;366;2;9,6;20/09/2020;dtravisfo
3511091264;false;23060;3;435;2;8,6;25198;7;439;1;9,2;14/09/2020;cellingsfp
3481109014;true;26110;11;461;3;9,6;24051;6;443;0;8,6;11/08/2020;kgerckensfq
3481125286;false;25976;12;427;0;9,2;34167;25;413;2;9,8;20/03/2020;astranksfr
3481162562;true;31574;19;412;2;9,0;20354;7;253;1;7,4;23/07/2020;cphilipponfs
3459572560;false;22642;8;383;0;8,8;30811;14;489;2;9,6;01/10/2020;afettiplaceft
3427082616;true;27413;10;446;1;9,4;25407;7;442;1;9,0;30/04/2020;lyegorevfu
3504422424;false;23386;8;412;1;9,2;25142;7;463;2;9,0;08/02/2020;hstyanfv
3473630552;true;31690;18;418;3;9,6;21733;4;402;0;8,2;02/07/2020;hwhitcombefw
3441566900;true;25431;9;432;1;9,2;23474;5;448;1;9,2;23/03/2020;kharbachfx
3401583067;true;23640;8;379;1;8,8;26362;8;425;2;9,2;11/12/2020;dmarrfy
3360430688;true;24305;7;444;0;9,0;23710;7;437;2;9,0;07/12/2020;lgaulefz
3512031270;false;22812;5;451;2;9,0;26621;8;483;0;10,0;23/04/2020;vorowaneg0
3511972294;true;26231;9;460;1;9,6;22906;3;468;0;9,0;10/09/2020;apickering1
3509147976;false;29919;16;395;1;9,6;27584;16;367;2;9,4;01/04/2020;oyouhillg2
3509103623;true;27583;17;410;1;9,4;24988;11;368;2;8,8;29/06/2020;oroothamg3
3509097253;true;33129;23;387;1;9,4;21114;6;326;0;8,0;19/09/2020;gschoalesg4
3507760974;false;24755;10;410;1;8,8;29796;12;449;2;9,2;12/10/2020;abrownseyg5
3507685692;true;27104;15;422;2;9,2;27322;16;435;0;9,4;03/05/2020;vfussieg6
3511775375;true;27770;14;403;2;9,2;28776;16;401;1;9,2;04/09/2020;kburdassg7
3511195738;false;26142;6;454;1;9,0;26950;12;474;0;9,2;11/11/2020;porderg8
3511073512;false;24078;10;420;2;8,8;28116;15;435;1;9,4;06/12/2020;ghargreavesg9
3509380222;true;27581;14;421;1;9,6;26414;8;400;2;9,0;15/12/2020;svinaga
3498670830;false;25556;7;480;0;9,4;27842;10;489;3;9,8;14/05/2020;kbartolicgb
3498616226;false;26276;11;413;2;9,0;27135;10;444;1;9,2;30/10/2020;bdeningtongc
3498613295;false;23235;7;411;2;8,6;27035;13;442;1;9,6;07/06/2020;cmcgonigalgd
3498548160;false;25139;8;427;1;9,0;28103;13;444;1;9,4;28/12/2020;hreaveyge
3498570944;true;24317;9;406;1;8,6;24243;8;383;1;8,6;22/09/2020;hborergf
3499611901;false;24095;11;353;1;8,6;32751;21;402;2;9,4;16/01/2020;gdrewetgg
3467167439;false;24436;8;455;2;9,2;27328;11;475;1;9,2;14/06/2020;lconnowgh
3434660742;true;27783;14;462;1;9,8;24984;9;454;1;9,2;07/02/2020;gplutherogi
3427162986;true;26193;12;389;0;8,6;30229;19;423;3;9,4;17/11/2020;dpreecegj
3426833221;false;29701;15;414;2;9,2;28889;19;364;1;9,2;29/06/2020;lmackailegk
3498688237;false;26862;9;445;1;9,8;25582;10;423;2;8,6;30/06/2020;npudgegl
3498735574;false;22722;6;415;1;9,0;28365;11;487;2;9,6;31/01/2020;keriegm
3498721464;true;24259;8;417;0;8,8;24311;8;447;1;9,0;26/03/2020;afitkingn
3498574694;false;25415;5;444;1;9,0;25619;7;464;1;9,4;07/01/2020;nwattinsgo
3498466902;true;30019;15;444;3;10,0;24005;8;402;0;9,0;17/05/2020;jfergusongp
3509154503;true;26552;10;424;1;9,4;24006;7;413;1;9,2;21/01/2020;estenninggq
3509064744;true;29916;19;435;2;9,4;27693;15;320;0;8,8;25/02/2020;rteekgr
3508978017;false;24273;6;456;0;9,2;26116;10;417;3;9,2;10/12/2020;mcromblehomegs
3508958530;true;26294;11;443;2;9,2;22432;4;441;1;9,4;18/11/2020;idifranceschigt
3508930016;true;27727;13;438;3;9,4;25925;11;405;0;9,0;23/03/2020;jrandalstongu
3512083354;true;29770;11;439;2;9,4;23927;6;453;1;9,0;05/04/2020;kfinnemoregv
3512070698;false;26581;11;378;1;9,0;29985;19;381;2;9,4;12/11/2020;clivingstonegw
3511586815;false;25900;11;402;1;8,8;30499;18;459;2;9,2;05/11/2020;lconstancegx
3511411507;true;31448;21;403;1;9,0;26516;15;335;1;8,8;01/06/2020;bhartshornegy
3511355492;false;23302;8;379;0;9,0;29628;19;421;3;9,6;29/12/2020;sfoulshamgz
3511663513;false;25011;11;359;0;8,8;24891;9;393;2;9,0;03/02/2020;nchesterfieldh0
3511556811;false;22264;5;416;0;8,6;27397;11;429;3;9,0;05/01/2020;kpurnellh1
3511487405;false;25847;12;422;1;9,2;29375;15;480;2;9,6;08/05/2020;nbeesh2
3511417240;false;27329;13;415;2;9,2;28703;15;440;1;9,4;13/01/2020;ttripeh3
3506269634;false;26281;13;419;1;9,4;29281;14;445;2;9,2;02/09/2020;hgoaneh4
3489441481;false;25765;7;497;2;9,4;25223;6;536;1;9,6;28/11/2020;pskehanh5
3456179521;false;20707;1;417;0;8,2;31928;18;484;3;9,6;30/04/2020;okenworthyh6
3452144893;true;24326;8;457;1;9,4;24441;5;465;2;9,0;15/09/2020;lconnickh7
3451294036;true;25255;8;453;1;9,6;24755;5;498;1;9,6;24/02/2020;zdaborneh8
3451248118;false;23125;4;430;1;8,8;26196;7;467;2;9,4;13/11/2020;rwalickih9
3505468001;true;27255;11;453;2;9,4;24498;9;427;1;9,4;17/07/2020;fsimmellha
3505511059;false;29013;15;417;2;9,4;27456;14;398;1;9,6;01/08/2020;kburnagehb
3505034935;false;30688;14;462;0;9,6;26321;10;397;3;9,0;11/04/2020;kschimonhc
3503310436;true;29729;16;409;3;9,0;19657;3;335;0;7,4;30/12/2020;mmumbyhd
3500912900;true;28163;13;442;2;9,4;27994;17;377;1;9,0;19/01/2020;dhurlinhe
3500867760;true;29608;17;494;2;9,8;23021;5;381;0;8,8;10/05/2020;emartinetshf
3500893215;false;24180;11;325;1;8,4;32813;23;467;2;10,0;27/07/2020;ereiachhg
3500796130;false;27145;12;395;1;9,2;25860;14;393;3;9,2;02/01/2020;jcroshamhh
3500739226;true;24869;11;427;3;9,6;25479;9;475;0;9,2;24/03/2020;fstillmanhi
3480911168;false;24271;6;426;1;9,0;29380;16;459;1;9,8;22/06/2020;dtitterrellhj
3450315929;false;24974;4;490;1;9,0;25040;8;461;2;9,6;13/10/2020;bclivehk
3422574418;true;29091;15;430;1;9,2;26322;6;451;1;9,4;20/04/2020;mwolfendenhl
3412252316;true;28666;17;402;2;9,6;25668;13;409;1;9,6;03/05/2020;zkeldhm
3351986271;false;24737;11;414;1;8,8;28075;17;411;0;9,4;25/11/2020;ssowtehn
3482924738;false;26623;12;373;0;9,0;28169;10;392;2;9,0;30/10/2020;clowresho
3482982344;false;29498;22;313;0;8,2;27825;16;320;3;8,4;12/01/2020;sstoltehp
3482951229;true;24707;12;409;1;8,6;26749;11;414;2;9,2;03/04/2020;emenichihq
3482930195;false;25914;12;415;0;9,6;28637;16;411;2;9,2;27/08/2020;mdorrityhr
3482897548;true;28552;13;461;3;9,6;26164;14;380;0;9,0;12/08/2020;mpurtellhs
3511391699;true;27815;14;418;1;9,2;22083;5;405;1;8,6;06/11/2020;rkryszkieciczht
3511284526;false;25940;9;420;3;8,8;25850;8;489;0;9,0;15/06/2020;balabonehu
3511239517;true;26839;12;445;1;9,4;21719;6;336;1;8,0;09/02/2020;tabernethyhv
3510667005;false;20323;1;417;0;8,4;26834;9;480;1;9,0;24/04/2020;rhambridgehw
3494271437;true;27954;16;394;3;9,2;24957;8;397;0;8,6;10/02/2020;hhardbattlehx
3494218925;true;26535;13;405;1;9,0;24491;11;374;1;9,0;12/08/2020;lblackborowhy
3494217607;true;29669;15;422;1;9,2;29154;14;393;1;9,0;03/06/2020;ddomanhz
3501657499;false;23275;6;411;0;9,0;27682;11;456;3;9,4;27/02/2020;bcurstoni0
3479118245;true;29807;12;472;2;9,4;22242;4;413;1;8,8;11/02/2020;saronsteini1
3479105525;true;29332;15;416;0;9,6;23146;9;352;1;8,8;27/05/2020;creckhousei2
3479121625;true;28753;14;464;2;9,6;24221;9;418;1;9,0;05/06/2020;alenzi3
3477478142;true;29319;16;451;0;9,6;24818;9;386;1;9,0;09/09/2020;ktockelli4
3509340033;true;27186;16;425;0;9,8;24797;12;410;2;9,4;08/04/2020;abrankleyi5
3508652906;false;23302;7;396;0;8,8;31767;19;448;2;10,2;24/10/2020;dwhifeni6
3508602691;false;22313;7;341;0;8,6;28967;14;469;2;9,6;07/11/2020;spavlaseki7
3508538517;false;25296;8;436;1;9,0;29202;17;474;2;9,6;14/04/2020;pbenkoi8
3490850963;false;23089;9;374;0;8,4;30728;17;485;2;9,4;23/07/2020;dfoukxi9
3483181718;true;25902;13;422;3;9,2;26458;12;415;0;9,2;26/06/2020;acomstyia
3454101813;false;19171;3;323;1;8,0;32743;13;521;1;9,8;10/12/2020;kpeeib
3454008916;false;26585;12;424;1;9,2;27671;11;411;2;9,4;29/06/2020;mpassoic
3509097600;true;26994;13;403;2;9,2;27503;10;427;1;9,2;16/02/2020;mbeeseyid
3509049856;true;25701;11;459;1;9,4;23355;4;426;0;9,0;17/03/2020;mbethamie
3508974418;true;25770;10;431;3;8,8;28144;13;423;0;9,2;03/05/2020;rlarmorif
3502695986;true;25384;7;398;1;8,6;28729;17;437;2;9,2;16/09/2020;oaugerig
3501513052;true;28162;15;398;2;9,4;27268;11;434;1;9,0;26/01/2020;mferrymanih
3511006807;false;25238;9;404;1;8,8;30443;14;484;2;9,8;28/05/2020;pcottillii
3498725977;false;26555;11;443;0;9,2;27087;15;379;2;9,2;10/05/2020;hmckeaij
3480366255;true;23754;6;450;2;8,8;26644;12;454;1;9,4;25/12/2020;cwilseyik
3480200007;false;24868;12;397;2;8,8;24540;12;375;1;8,8;26/09/2020;vbraidwoodil
3477950097;true;27087;11;437;3;9,4;24493;8;398;0;9,0;26/12/2020;gbaidenim
3499027946;true;28614;15;469;1;9,4;21507;6;369;0;8,2;15/04/2020;lmaddoxin
3499072087;true;27419;9;458;2;9,4;24837;7;450;1;9,0;09/12/2020;wfairfullio
3478075844;true;34617;25;440;2;9,6;23742;10;368;0;8,6;17/09/2020;lwebberleyip
3464298113;false;21803;6;347;1;8,4;28825;18;425;1;9,2;22/12/2020;nheffernoniq
3497719147;false;24368;6;426;0;9,0;28578;13;468;3;9,8;08/10/2020;hchasneyir
3495742610;false;29130;20;379;1;9,2;26478;17;352;1;8,6;11/04/2020;hwillfordis
3495018142;true;25436;7;483;1;9,4;24058;6;465;2;9,4;27/05/2020;soconnelit
3493984460;true;29541;15;432;0;9,0;25073;12;387;1;9,0;22/04/2020;rkinzeiu
3490832794;false;24393;8;422;0;9,4;28048;12;448;3;9,2;16/12/2020;tyelliv
3511845739;false;23302;10;336;0;8,4;32141;17;448;1;9,2;28/06/2020;ppottesiw
3511861802;true;28065;15;411;2;9,4;23930;6;381;1;8,8;15/07/2020;cgrinikhinovix
3511761167;true;28775;11;464;1;9,4;27652;11;422;1;9,2;21/05/2020;iletchmoreiy
3511700955;true;24081;11;375;0;9,2;27192;12;392;3;9,0;29/10/2020;dcummingiz
3511619052;false;26248;9;449;1;9,4;29809;14;452;3;9,6;28/10/2020;npoyntonj0
3505418035;false;21470;4;375;2;8,0;31691;19;399;1;9,2;07/10/2020;cmityukovj1
3505442643;false;24413;7;434;1;9,2;29006;17;441;2;9,2;07/10/2020;sbanaszkiewiczj2
3493265864;true;25981;9;469;0;9,0;25802;12;434;2;9,2;17/05/2020;tmeighj3
3493137695;false;23344;7;387;1;8,8;32895;20;472;2;10,0;06/04/2020;kolochanj4
3493085949;false;27597;11;425;1;9,2;30032;16;437;2;9,4;09/04/2020;apeepallj5
3508364507;false;27067;8;477;1;9,4;27267;8;472;1;9,2;20/10/2020;inewlovej6
3499074910;true;33568;21;466;3;9,8;26002;11;396;0;9,4;14/12/2020;eberzinj7
3499070978;true;26967;12;422;2;9,0;28038;9;489;1;9,0;05/12/2020;jloiseauj8
3492149045;false;24714;11;409;2;9,0;29863;14;447;1;9,4;16/01/2020;prenshellj9
3511303619;true;28791;12;480;2;9,4;26689;11;388;1;8,8;20/03/2020;fmarchettija
3511265423;true;25964;16;388;1;9,2;24551;10;376;2;8,6;26/03/2020;dwinningjb
3511210236;true;27635;14;405;0;9,2;29832;13;465;3;9,6;18/04/2020;gessamjc
3511193217;true;29703;16;436;3;9,2;28008;18;349;0;9,6;17/09/2020;rgagerjd
3511070275;false;25087;11;389;0;8,6;28084;15;443;2;9,0;10/03/2020;keberdtje
3497240635;true;25018;8;410;1;8,8;22324;4;434;2;9,0;29/05/2020;dhexamjf
3496359893;false;23785;9;340;1;9,2;31890;19;465;2;9,8;13/09/2020;prudkinjg
3487084391;false;21211;4;357;0;8,4;29532;16;463;2;9,4;12/06/2020;mfranklenjh
3484695455;false;26377;13;433;0;9,2;26235;14;395;3;9,2;02/09/2020;vlawfulji
3479479494;true;29403;13;461;1;9,6;27046;12;445;2;9,4;07/07/2020;fhammanjj
3512090376;true;31042;16;493;2;9,6;25861;10;403;1;9,2;18/05/2020;cherkessjk
3512009143;false;25241;10;391;0;9,0;31007;19;442;1;9,6;06/09/2020;smccrearyjl
3511803290;false;27016;11;388;1;9,0;24336;9;410;2;8,8;13/08/2020;fdurbanjm
3511726737;false;22469;5;402;0;9,0;31097;17;509;3;10,0;27/09/2020;thellwingjn
3511807011;false;22095;6;378;0;8,6;31410;19;483;3;9,8;12/02/2020;ycongrevejo
3511278292;false;26801;9;468;1;9,2;26295;9;474;2;9,4;02/05/2020;rbasillonjp
3511187506;false;27610;14;372;1;9,2;27814;16;402;2;9,4;25/01/2020;ledwinsonjq
3510298064;true;27617;13;455;2;10,0;23483;6;447;0;8,8;01/09/2020;lvolksjr
3511984324;true;27917;11;505;0;9,6;27553;13;438;3;9,0;17/09/2020;hmogfordjs
3512020927;true;24410;6;434;0;9,0;21252;3;422;2;8,8;22/08/2020;hblanninjt
3511924711;true;26926;14;403;2;9,4;22205;6;408;1;8,8;27/06/2020;eshowersju
3511858621;true;25039;10;413;3;9,0;24799;9;421;0;9,2;31/10/2020;tdansonjv
3511865977;true;29362;14;433;2;9,6;21090;4;395;1;8,8;17/03/2020;ibeckenhamjw
3507854448;false;28189;13;448;1;9,6;24817;11;400;1;9,2;28/10/2020;gwahnerjx
3507571743;true;30125;19;454;3;9,6;22342;6;371;0;8,6;04/08/2020;wgowjy
3498569426;false;23188;5;420;0;9,0;30614;17;490;3;10,0;14/06/2020;agarcesjz
3498575676;false;20914;7;364;0;8,2;31915;16;431;2;9,2;24/12/2020;eanwellk0
3495142396;false;26191;9;420;0;9,0;29958;15;422;3;9,0;24/10/2020;rronchettik1
3511797823;true;32723;17;486;3;10,0;23520;8;390;0;9,2;27/10/2020;mgyrgorcewicxk2
3508970739;false;24174;7;454;1;9,4;26416;7;488;2;9,6;16/04/2020;dgounink3
3507713517;true;29625;20;415;2;9,4;25608;11;348;1;8,4;27/02/2020;sdennerlyk4
3507686218;true;26643;10;458;1;9,4;26027;7;431;2;9,4;29/08/2020;sbedsonk5
3506489511;true;27278;12;458;0;9,6;24472;9;407;3;9,2;09/05/2020;ledesonk6
3511791508;true;27887;14;417;1;9,0;29215;15;421;2;9,2;27/06/2020;cmantonk7
3511754415;false;24583;8;458;1;9,4;26301;11;420;2;9,2;07/05/2020;amolesk8
3511658920;false;25254;7;458;0;9,2;27668;14;416;3;9,4;06/10/2020;lshailerk9
3511277525;false;24518;8;410;1;8,6;26573;13;438;2;9,2;13/11/2020;rbembrickka
3508859175;false;26228;16;308;0;8,4;31926;25;357;3;8,6;01/05/2020;cgrimsdalekb
3506851578;true;29157;18;444;1;9,8;23579;8;410;1;8,8;20/04/2020;mcraydonkc
3483308715;false;22795;5;416;0;9,2;27530;9;470;3;9,4;06/10/2020;bmacpheekd
3482224209;true;29594;18;439;2;9,8;22745;5;370;1;8,4;12/01/2020;mwinkleke
3482280181;true;28187;17;366;2;8,8;22589;5;399;0;8,8;15/09/2020;gokiekf
3480572028;true;30941;16;448;0;9,6;28621;12;451;2;9,4;01/05/2020;mchadwellkg
3503880872;false;25506;10;405;0;9,2;32228;19;475;3;9,6;24/07/2020;mwoodworthkh
3503835773;false;26358;12;391;0;9,0;28099;13;465;2;9,4;20/10/2020;mjatczakki
3503783118;true;25922;7;464;1;9,2;23567;6;427;1;9,2;09/04/2020;akillenkj
3503298752;false;23826;8;391;1;9,0;28599;10;465;2;9,2;30/08/2020;dgodsmarkkk
3502489566;false;26986;7;459;1;9,6;27090;10;460;2;9,6;12/12/2020;msherrinkl
3507541053;false;25228;9;397;1;8,8;28647;14;414;1;9,0;29/05/2020;ktiltkm
3505734235;true;26984;14;464;2;9,6;25935;12;419;0;9,8;01/10/2020;thessenthalerkn
3503221707;false;29603;20;425;1;9,6;26319;15;344;1;9,0;06/02/2020;hhefferanko
3503184281;false;24839;5;455;1;8,8;24280;8;445;2;9,2;22/06/2020;atetleykp
3496347552;false;26264;12;462;0;9,4;25649;11;430;3;9,4;12/09/2020;djoslandkq
3501399233;true;25525;13;375;1;9,6;25788;11;445;1;9,2;04/08/2020;rluscombekr
3501374782;true;25529;9;445;1;9,2;23625;7;419;2;9,2;24/10/2020;nhailesks
3501292261;true;30497;19;480;3;9,8;23833;7;360;0;9,0;21/06/2020;sbreedkt
3496681139;false;22895;8;378;1;8,4;26236;14;357;2;9,2;10/03/2020;yyurukhinku
3496578813;false;24116;7;425;0;9,0;27114;12;461;1;9,4;25/06/2020;iswatradgekv
3482666337;true;32352;20;435;3;9,6;24542;10;373;0;8,4;27/05/2020;rcaterkw
3482597484;true;24892;7;430;3;9,6;26151;5;483;0;9,4;09/06/2020;bfawssettkx
3464753943;true;25466;10;456;1;9,4;22663;2;467;1;8,6;20/05/2020;sdrippsky
3453626726;false;27239;9;498;1;9,4;21127;3;409;1;8,6;06/07/2020;skiliuskz
3510197070;true;27868;12;456;2;9,6;25809;7;442;0;9,2;05/06/2020;rslocuml0
3499500334;false;22848;9;356;0;8,8;27428;11;462;2;9,4;28/10/2020;djoyntl1
3499422315;true;28714;14;455;0;9,6;28926;14;462;3;9,4;11/05/2020;lsergeauntl2
3488553106;true;30331;19;421;2;9,2;27015;12;431;0;9,2;26/09/2020;gschultesl3
3488100691;false;23645;7;434;1;8,8;29375;14;442;1;9,6;21/05/2020;bgrafoml4
3508804275;true;27403;9;479;2;9,4;27325;9;472;1;9,4;24/02/2020;hfrenchuml5
3508582209;false;25803;10;429;1;9,4;27749;14;453;0;9,8;25/05/2020;bmacanel6
3507789493;true;32179;20;414;3;9,4;25643;12;394;0;8,6;15/07/2020;psponderl7
3507607701;true;31015;16;452;2;9,6;24828;11;434;1;9,2;13/11/2020;xriolfil8
3465538798;false;23815;9;364;1;8,6;35642;28;423;2;10,0;18/11/2020;sdegliantonil9
3463498733;false;28154;10;468;1;9,6;26188;13;455;2;9,8;06/05/2020;aocarrollla
3463019677;false;27017;10;427;0;9,2;35071;25;489;3;10,2;14/02/2020;ssowrahlb
3459767375;false;26107;10;427;1;9,2;26867;13;407;2;9,4;05/11/2020;vbutterwicklc
3482457498;false;28624;12;436;1;9,6;27848;13;479;2;9,4;09/03/2020;bstanmanld
3467756269;false;26055;15;351;1;8,8;25189;12;379;2;9,0;01/02/2020;ltantile
3467733865;false;25616;10;435;1;9,0;25571;10;405;1;9,0;20/10/2020;ebellowlf
3465462135;false;25621;8;404;1;9,2;25605;7;466;2;9,2;12/02/2020;wclemitslg
3485254063;false;24908;6;418;1;8,6;28193;12;493;2;9,4;18/07/2020;hcowllh
3481452163;false;24925;8;398;2;9,2;26995;9;439;1;9,2;02/02/2020;lupstonli
3481384098;false;29600;17;424;0;9,0;24575;9;346;2;8,6;05/07/2020;gstrewtherlj
3481318199;true;27653;14;450;2;9,2;22337;3;440;1;8,4;31/01/2020;pluneylk
3480582560;false;30053;17;389;1;9,0;28272;17;410;1;9,4;15/12/2020;edarleyll
3477771529;true;25317;13;397;2;9,0;25589;9;432;0;9,4;15/12/2020;wmatislm
3473669843;false;26196;10;428;1;9,2;24693;8;413;2;8,8;01/09/2020;telenerln
3473566533;true;27829;13;451;1;9,6;24625;7;414;2;8,8;25/10/2020;ajanzenlo
3473552483;true;25455;10;400;1;9,0;27160;11;442;1;9,4;16/04/2020;bloadsmanlp
3473499258;false;24975;8;453;2;9,2;24706;8;437;1;8,8;14/02/2020;vraddenburylq
3499015671;true;29765;21;411;2;9,6;25627;10;401;1;9,0;26/06/2020;ldyterlr
3499012325;true;29423;11;480;2;9,6;22608;3;459;1;9,2;20/05/2020;dkelbyls
3484757733;false;22467;6;414;1;8,8;27610;12;458;2;9,2;19/10/2020;mlambersenlt
3484794045;false;24062;6;426;1;9,4;25476;11;406;1;9,2;28/11/2020;ksymonlu
3484738958;true;28672;15;458;1;9,0;25114;7;442;1;8,8;11/03/2020;mdowlelv
3508748227;false;18288;2;281;0;7,6;31164;13;476;3;9,6;26/07/2020;mferreylw
3503330133;true;27084;14;413;1;9,2;25984;8;394;0;9,0;23/06/2020;nkeighlylx
3503227740;false;23788;10;390;1;8,4;28108;15;397;1;9,6;21/08/2020;cgrgicly
3503207506;false;24129;9;331;1;8,4;31148;19;439;2;9,4;27/07/2020;eledeslz
3503074261;true;31562;19;443;1;9,8;23890;8;395;2;8,8;15/08/2020;imogeym0
3511535182;true;26092;11;419;3;9,2;25000;13;390;0;9,0;01/02/2020;anijssenm1
3511468690;true;24835;7;444;3;9,0;21696;5;403;0;8,6;21/05/2020;acrannism2
3511309222;false;25310;12;426;1;9,4;27649;12;471;0;9,4;08/09/2020;loddem3
3511523992;true;28438;9;447;3;9,2;21286;7;363;0;7,8;27/03/2020;pcredlandm4
3511470218;true;30382;13;484;1;9,6;22776;5;403;1;9,0;22/06/2020;jhamlym5
3510696354;true;26169;13;370;1;9,0;28963;17;421;0;9,6;26/12/2020;hrollerm6
3510674434;false;29995;18;422;0;9,4;29698;18;406;3;9,6;18/10/2020;lbeswickm7
3510417999;false;27391;11;457;2;9,2;26169;11;446;1;9,4;05/05/2020;wronaynem8
3510403999;true;28002;11;480;1;9,6;25522;5;437;0;9,4;28/01/2020;ggarlicm9
3510347319;true;30668;15;462;3;9,4;23467;5;400;0;9,0;17/01/2020;rsherbrookema
3510289329;false;18168;3;245;0;6,8;34650;20;470;2;9,8;01/09/2020;kflewittmb
3510246102;false;23185;4;472;0;9,4;24575;6;522;3;9,8;10/12/2020;mprestigemc
3488330468;true;29683;17;442;2;10,0;24372;8;434;0;8,8;28/06/2020;ewoolgermd
3488285389;true;26677;16;397;1;9,6;23695;3;446;0;8,8;24/08/2020;mlinsayme
3488301439;true;30717;17;442;3;9,2;21747;4;401;0;8,4;27/10/2020;aolomanmf
3510041931;true;29745;14;430;1;9,4;28081;12;417;2;9,2;28/07/2020;tfortmg
3509981791;false;25486;11;414;1;9,2;27144;11;445;1;9,2;16/08/2020;lblaxallmh
3509903108;false;23210;4;440;2;8,6;24459;6;462;0;9,0;07/10/2020;sochterloniemi
3509632233;true;32756;15;503;3;9,8;20660;4;355;0;8,2;04/09/2020;arissomj
3509557063;true;27946;14;445;2;9,6;25405;8;443;1;9,4;05/08/2020;glogsdalemk
3511353509;false;26658;15;425;1;9,4;29110;17;435;2;9,6;06/12/2020;gstowellml
3507464936;false;25243;8;405;1;8,8;27217;12;445;2;9,4;12/02/2020;crappermm
3507414772;true;27742;11;451;2;9,2;26808;12;453;1;9,0;02/06/2020;gsnoddenmn
3507351711;true;31907;16;478;2;9,6;22625;6;399;0;9,0;10/06/2020;bkleenmo
3506975625;false;25379;13;357;0;9,2;28899;13;462;3;9,6;26/11/2020;lcrinkleymp
3481337572;true;28016;14;453;1;9,8;29129;15;447;2;9,6;09/07/2020;dcawsbymq
3481372196;false;26610;11;426;0;9,2;28259;13;414;3;9,4;12/11/2020;jwetheredmr
3481306145;false;30438;18;464;2;9,8;23887;8;404;1;8,6;24/04/2020;hlangsburyms
3479274032;true;25259;5;471;1;9,2;24146;6;499;2;9,6;11/05/2020;odunkerleymt
3479188784;false;27299;9;474;1;9,4;21427;3;422;1;8,8;18/04/2020;ebohlensmu
3511698812;true;26576;13;415;3;10,0;23442;7;412;0;8,8;20/02/2020;evanbrughmv
3511676922;true;23435;7;422;1;9,0;27629;14;382;1;9,4;05/06/2020;hronaldsonmw
3510684662;false;28114;14;388;2;9,2;30085;15;406;1;9,4;14/05/2020;ndybbemx
3510484241;false;26618;7;477;1;9,4;25354;11;441;2;9,8;30/12/2020;minglesfieldmy
3505011113;true;26081;15;386;1;9,2;25700;12;395;1;9,0;09/08/2020;ecattermoulmz
3491440161;true;27989;10;497;1;9,4;22803;5;394;1;8,8;13/02/2020;dbardsleyn0
3491322189;true;27330;13;388;1;9,4;28020;13;463;2;9,4;22/07/2020;epinnigern1
3489157286;true;29652;15;448;2;9,6;26659;12;437;0;9,2;27/03/2020;ttronin2
3489124419;false;25686;11;413;0;9,4;24283;5;420;2;9,0;14/03/2020;mgavinn3
3507285023;true;24693;7;400;2;9,0;25494;6;439;1;8,6;17/11/2020;pmeadern4
3507226691;true;27632;7;497;2;9,6;23552;4;451;1;9,0;22/06/2020;gevensn5
3507231994;false;19920;3;365;0;8,0;33001;18;493;3;9,8;07/05/2020;hwhibleyn6
3469672226;true;27641;13;427;2;9,4;27857;12;467;1;9,4;15/07/2020;acroxtonn7
3459753986;true;26993;11;455;1;9,6;25568;6;417;2;9,2;10/08/2020;bgiacovellin8
3511014556;false;27979;11;446;1;9,4;26660;13;428;2;9,4;03/10/2020;pgadmann9
3509132268;true;29141;11;478;2;9,4;25152;7;463;0;8,8;20/12/2020;sphalpna
3471890323;false;25424;12;354;0;8,6;30437;16;431;1;9,2;27/03/2020;bsmalleynb
3469471597;true;28687;12;457;2;9,2;23933;7;420;1;8,8;29/07/2020;lsleitnc
3435135120;true;23537;4;463;1;9,6;25373;5;491;1;9,2;09/06/2020;lballendinend
3432673464;true;22855;4;459;0;8,8;22904;4;454;2;9,0;25/04/2020;eridehalghne
3427059636;true;27669;9;467;2;9,6;25426;10;409;1;9,4;18/10/2020;bdockseynf
3497337401;true;28123;17;380;1;8,8;26726;13;396;2;8,8;28/03/2020;ebussonng
3467364083;false;24724;9;400;0;8,8;25570;11;406;2;9,2;27/06/2020;asheafnh
3467298245;true;24520;8;382;2;8,6;27022;13;387;1;9,0;23/04/2020;uphantni
3434732390;false;21888;5;378;0;8,6;31242;18;461;3;9,8;27/03/2020;aferschkenj
3434659056;true;30673;12;468;3;9,6;20817;4;356;0;8,2;12/11/2020;asallansnk
3499871586;true;26697;12;367;1;8,4;30583;22;414;1;9,4;06/12/2020;swalteringnl
3499818471;false;26416;14;384;0;9,2;25681;12;374;3;9,0;03/06/2020;kdraudenm
3499835857;false;22858;4;435;0;9,0;26580;9;415;3;9,0;21/02/2020;mortegann
3499834263;false;24945;11;359;1;8,6;32954;24;448;2;9,8;09/04/2020;ocomettino
3499647462;false;22441;4;439;0;8,8;28406;9;498;3;9,8;02/03/2020;byaldrennp
3508361223;false;24425;11;395;0;9,0;32363;19;505;3;9,8;27/06/2020;scagenq
3506474181;false;28698;14;416;1;9,0;27188;13;436;2;9,2;28/11/2020;dnewburynr
3500351173;true;31134;18;401;3;9,4;24395;11;367;0;8,4;16/03/2020;csmewingsns
3500218410;false;24168;11;377;1;8,4;28838;13;408;2;9,0;29/10/2020;mcobbent
3497952006;true;26156;8;407;1;8,8;28394;17;420;2;8,8;30/08/2020;jspykingsnu
3493774535;true;30218;20;394;2;9,0;22309;11;316;0;8,4;16/03/2020;bkmiecnv
3493587188;true;28695;18;411;2;8,8;25527;11;379;0;8,8;10/09/2020;fputtnw
3493539647;true;28049;10;436;2;9,2;23553;8;403;1;9,0;24/11/2020;grubranx
3493550799;false;24980;8;375;0;9,2;27910;17;387;2;8,8;14/03/2020;bgouninny
3493475328;true;26543;10;459;0;9,4;22769;7;401;1;8,8;14/12/2020;trandalnz
3508713417;true;25430;11;408;2;9,4;24783;9;432;1;9,0;14/04/2020;bbirkbyo0
3508602575;false;29027;14;432;3;9,4;26802;12;426;0;9,6;05/12/2020;anesbito1
3508498866;true;23129;4;452;0;8,8;26673;10;446;2;9,2;08/12/2020;egrimditcho2
3508429312;false;25384;10;393;1;9,2;32823;21;452;1;10,0;30/11/2020;jcapsticko3
3477519935;false;25381;10;398;1;9,0;30345;18;398;1;9,4;11/02/2020;hbaseleyo4
3455290455;false;24127;7;406;1;9,2;28579;10;480;1;9,6;08/12/2020;cgiottoio5
3455224348;true;28163;13;433;2;9,6;21608;5;400;0;8,6;16/10/2020;ropieo6
3455125850;false;27272;16;334;1;9,0;27800;16;399;1;9,2;16/06/2020;mstaigo7
3455115821;false;27326;13;401;0;9,0;24082;11;372;1;8,8;12/07/2020;awitteno8
3498881153;false;21969;5;361;2;8,4;31700;20;464;1;9,8;10/09/2020;dlaugiero9
3498848075;true;32211;21;441;3;9,0;18239;5;288;0;7,4;10/12/2020;kreidieoa
3498825811;true;25293;7;482;3;9,2;23634;5;437;0;9,2;25/12/2020;dsheridanob
3498872716;true;27204;12;400;1;9,0;24227;9;380;0;9,0;24/07/2020;nvamplusoc
3498830691;false;24785;12;370;0;9,0;29242;10;457;2;9,0;21/02/2020;cmacswaydeod
3480675775;true;25441;6;464;1;9,2;24538;7;448;2;9,4;24/01/2020;ffolkerdoe
3436480549;false;26497;11;407;1;9,2;23458;6;414;2;9,0;28/05/2020;dantonioniof
3394000534;true;27761;9;487;1;9,2;26876;16;404;1;9,0;22/09/2020;dcongreaveog
3393926815;false;20497;3;389;1;8,4;31079;16;419;2;9,6;05/11/2020;mbarnsonoh
3393768501;false;28892;11;456;1;9,2;24313;9;414;1;9,0;05/02/2020;ncaunteroi
3503957660;false;27364;18;342;0;8,8;31492;20;385;2;9,4;05/10/2020;vcolleymoreoj
3474892186;true;25380;9;441;1;9,2;29565;14;441;1;9,4;16/08/2020;ybinnellok
3474868023;false;24722;14;340;0;9,0;32150;22;412;2;9,6;04/10/2020;sgallonol
3474814679;false;23155;5;422;1;8,6;27399;13;435;2;9,4;30/07/2020;kpitkeathleyom
3474841428;false;20600;3;369;1;8,2;32658;17;492;2;9,6;15/08/2020;pkerfordon
3470102837;false;25946;9;444;0;9,0;28649;11;468;3;9,2;24/03/2020;swhightoo
3470052451;false;25309;11;424;1;9,2;28585;16;391;1;9,4;05/07/2020;hposenop
3470050889;true;31048;18;483;2;9,8;21896;6;361;1;8,0;13/07/2020;sgettingsoq
3469185918;false;26513;17;364;0;9,0;31448;19;413;2;9,2;27/06/2020;pelnaughor
3467991063;false;24253;7;396;1;9,2;26828;14;428;1;9,6;07/07/2020;varnholdtos
3486080867;false;28617;9;475;3;9,0;25981;11;385;0;9,2;09/05/2020;kallistonot
3486035778;false;22227;8;252;0;7,0;34267;17;468;2;9,4;27/06/2020;ftogwellou
3486061185;false;24512;9;391;1;8,8;29968;15;465;2;10,0;14/12/2020;bmedwellov
3485986104;false;24354;10;350;0;8,2;35533;27;394;3;9,6;16/11/2020;mphilippeauxow
3511692062;false;25218;6;504;1;9,2;22993;4;464;2;9,2;11/03/2020;lwarrillowox
3511651949;true;25456;15;388;2;9,2;25340;11;396;0;9,0;14/12/2020;tbeethamoy
3511604345;false;24929;8;388;1;8,8;29889;14;449;1;9,6;31/03/2020;ahuttonoz
3510292200;false;25961;12;365;1;9,2;27687;15;453;2;9,6;19/04/2020;bwyethp0
3482712297;false;23681;8;393;1;9,0;22887;7;408;1;8,8;05/04/2020;vwhykep1
3455380534;true;32079;20;437;2;9,2;27096;15;378;1;8,6;27/03/2020;bodbyp2
3454817191;false;25452;10;438;0;9,2;24306;7;442;3;9,0;12/01/2020;mgoodluckp3
3454644981;false;27067;12;400;2;9,0;31064;17;484;1;9,4;29/04/2020;idevonsp4
3452262725;false;23982;5;400;1;8,6;27097;11;442;2;9,4;15/05/2020;dgarlantp5
3494297780;true;30573;16;450;1;9,8;26126;8;440;1;8,8;16/04/2020;hilemp6
3464554234;false;24854;9;378;2;9,2;26551;8;477;1;9,4;16/11/2020;rpawlowiczp7
3428810505;true;29781;15;420;3;9,4;26761;16;401;0;9,4;04/07/2020;eadnettp8
3428788032;false;21182;4;378;0;8,4;29406;14;467;2;9,2;01/07/2020;rruanep9
3424523589;true;27003;10;492;2;9,8;24091;5;457;1;8,8;07/08/2020;mpaulitschkepa
3511020883;false;22296;6;322;1;8,2;28995;11;413;0;9,4;20/01/2020;aloukespb
3508998416;false;20832;8;308;1;7,6;27193;9;390;2;8,6;02/09/2020;rcollissonpc
3489477626;true;24055;7;432;2;8,8;24187;7;432;0;9,0;03/09/2020;jholworthpd
3489466001;true;29934;17;489;1;9,6;23614;11;372;2;9,0;06/09/2020;ibreslinpe
3478198590;false;23283;6;427;0;8,8;30468;16;464;3;9,8;30/09/2020;nmalecpf
3477380470;false;27143;13;439;3;9,0;26437;11;443;1;9,4;12/11/2020;mgoldsterpg
3476130000;false;24402;8;427;2;8,8;24963;4;468;1;9,0;01/12/2020;scockinph
3474861205;true;26948;10;398;2;9,0;26766;10;457;1;9,4;22/04/2020;csketchpi
3473456227;false;28024;14;409;3;8,8;29162;12;467;0;9,0;27/09/2020;prozzierpj
3511927501;true;24843;9;436;2;9,4;24893;8;428;1;9,6;20/07/2020;cmccaffreypk
3511888656;true;28961;12;466;3;9,6;25399;10;415;0;9,0;03/01/2020;cdreigherpl
3511589564;true;28537;11;492;2;9,6;25857;9;424;1;9,2;08/12/2020;mgrattanpm
3511332489;true;24468;12;378;1;9,4;27022;7;447;2;9,4;09/11/2020;lflutepn
3504474014;false;26271;10;423;2;9,0;26326;12;394;1;9,2;21/09/2020;cmacewanpo
3504402856;true;28123;11;465;0;9,6;27098;10;452;1;9,4;26/09/2020;wgemmellpp
3504288517;true;29139;17;456;1;9,2;26019;12;355;1;9,2;10/09/2020;cmattiaccipq
3499024342;true;31422;15;429;2;9,4;23896;9;358;1;8,4;09/02/2020;aaneleypr
3498998061;false;28694;14;428;2;9,2;26417;9;456;1;9,4;01/05/2020;amcturloughps
3501107413;false;30648;16;439;0;9,4;28670;17;394;3;9,6;11/07/2020;cluterpt
3501105602;false;25427;10;437;2;9,0;28039;14;419;1;9,2;22/01/2020;dmccaheypu
3501093587;false;26579;12;416;1;9,2;26800;13;431;2;9,4;16/10/2020;ehaggertypv
3501111285;true;26408;14;400;1;8,8;25919;9;427;1;8,8;08/02/2020;ahardstaffpw
3501018212;true;27758;16;410;0;9,8;24360;8;409;1;9,0;06/08/2020;dwarkepx
3511617265;false;24054;8;385;0;9,2;24779;9;429;2;9,2;26/03/2020;cjagsonpy
3479193118;true;27533;14;421;2;9,2;27034;12;398;1;8,6;01/10/2020;epalespz
3445364113;true;28164;12;421;1;8,8;31056;20;455;2;9,6;22/11/2020;kgreenhaughq0
3445139457;false;25583;7;484;0;9,0;28551;15;428;3;9,4;24/04/2020;bwolversonq1
3444688411;true;27134;14;396;2;8,8;28649;14;414;1;9,2;24/01/2020;rproschq2
3511601634;true;26848;12;465;1;9,6;25653;9;423;2;9,2;14/07/2020;ddeamq3
3511525934;false;24243;5;418;1;9,2;24423;6;467;1;9,4;21/09/2020;omorrallq4
3510109196;true;28325;13;412;2;8,8;24659;8;405;0;8,4;21/10/2020;pbennyq5
3510077285;true;24395;13;371;1;8,8;29860;14;487;2;9,8;28/09/2020;jpigdenq6
3501199219;false;26391;14;398;0;9,8;27968;13;470;3;10,0;14/05/2020;vchamberlayneq7
3499064705;true;29435;18;363;2;9,2;21074;8;289;0;8,0;06/01/2020;sklauberq8
3498885031;false;27895;15;415;2;9,2;27575;12;417;1;9,4;18/09/2020;lebunoluwaq9
3497783075;true;31151;14;463;2;9,4;25114;8;359;1;8,6;23/01/2020;adoubledayqa
3505749953;false;23517;8;399;0;9,0;29060;13;441;2;9,6;17/03/2020;mhearfieldqb
3493543645;false;20586;2;362;2;8,4;32731;18;462;1;9,8;18/03/2020;jdambrosioqc
3493486460;true;26980;10;469;0;9,4;24446;5;498;3;9,2;19/08/2020;caartsenqd
3493442329;false;26825;15;354;0;8,8;28595;18;428;2;9,2;10/07/2020;lportwainqe
3493417840;false;24976;10;374;0;9,2;28290;15;390;3;9,4;13/02/2020;thastlerqf
3486911681;true;35667;21;465;3;9,8;21140;7;301;0;8,0;14/09/2020;gosborneqg
3486875329;true;28128;14;442;2;9,4;22708;2;421;1;8,4;09/01/2020;hbillsberryqh
3486702821;false;23525;8;390;0;8,6;28100;14;423;3;9,4;23/01/2020;cgraneqi
3486619197;false;20886;6;337;1;8,2;33114;23;431;2;9,6;01/10/2020;psylvaineqj
3481780186;true;29617;13;469;3;9,4;22119;5;428;0;9,2;28/03/2020;hchandersqk
3451196887;true;24735;10;410;1;9,0;24231;10;405;1;9,0;27/11/2020;kiacovidesql
3449730336;true;29364;16;474;3;9,8;21763;4;353;0;8,0;24/03/2020;cperellqm
3447872771;true;24955;9;452;2;9,2;24339;8;420;1;9,2;15/12/2020;mclaybourneqn
3446620170;true;28031;12;495;1;9,6;22365;5;425;2;8,8;22/05/2020;adugmoreqo
3492979024;false;22586;11;318;1;8,6;33118;23;461;1;10,0;28/08/2020;azanreqp
3492977362;true;25945;9;426;1;9,2;27293;14;440;2;8,8;26/03/2020;slundqq
3492530462;false;24496;9;442;0;9,0;23132;5;438;3;9,0;25/01/2020;plikelyqr
3492437563;false;22294;5;402;0;8,8;28413;11;461;3;9,4;01/10/2020;ldonnellyqs
3492309651;true;26967;11;426;1;8,6;24938;6;420;1;8,6;13/10/2020;cmattingleyqt
3502182672;true;31106;19;488;2;9,8;24618;8;422;1;8,8;17/05/2020;rpaolilloqu
3502169567;false;23825;6;394;3;9,0;28041;11;502;0;10,0;19/03/2020;vdikelinqv
3502117781;false;26716;11;465;0;9,4;25068;12;388;2;9,2;18/08/2020;ssebyerqw
3502135235;true;29657;19;440;3;10,0;22201;6;372;0;8,6;25/11/2020;zmcbradyqx
3502143918;true;31534;15;501;1;9,6;21836;6;358;0;8,6;12/09/2020;aberrqy
3499837149;true;31211;16;419;3;9,4;23056;8;390;0;8,6;06/12/2020;croustqz
3499815144;true;24049;7;401;1;8,8;26663;11;435;2;9,6;24/11/2020;dtournier0
3496487544;false;22128;4;404;1;9,0;28222;14;443;2;9,6;09/06/2020;fsmalmanr1
3496486024;false;25755;7;467;1;9,0;26925;7;423;1;9,0;26/04/2020;dpaveyr2
3495132342;true;24128;8;425;1;9,0;25287;7;428;2;9,2;17/04/2020;mgarretsonr3
3512038241;false;24523;6;465;1;9,0;29317;16;446;1;9,6;13/03/2020;fgoodluckr4
3511647882;true;28206;16;436;1;9,6;26521;15;342;1;8,4;20/11/2020;ndaveyr5
3511565779;true;30478;18;420;1;9,4;26361;10;400;2;8,8;26/11/2020;ktrightonr6
3469523840;false;24906;8;422;0;9,2;34329;21;481;2;9,8;17/09/2020;kcaldwallr7
3469490389;true;25885;8;423;2;9,0;24208;9;420;1;9,0;02/07/2020;alewerenzr8
3466112266;true;26289;7;473;1;9,2;23606;6;398;2;9,0;20/10/2020;aclemor9
3465987185;true;24717;7;434;2;9,0;26260;8;478;1;9,4;26/02/2020;dchristophersra
3462912880;true;31470;16;495;3;9,8;23511;7;405;0;8,8;16/09/2020;pjenickerb
3511289643;true;33672;22;435;3;10,0;19161;3;307;0;8,0;03/05/2020;kliverrc
3486909405;false;26142;11;435;0;9,4;23842;6;455;1;9,2;20/03/2020;lfurmengerrd
3476149741;true;27163;13;475;2;9,0;26404;11;420;1;9,4;28/06/2020;kwestrawre
3443231396;false;23850;8;395;1;9,0;24547;5;450;2;9,2;05/12/2020;bwoolensrf
3408175135;true;27994;19;378;2;9,0;28301;16;387;1;9,0;13/03/2020;sjuaresrg
3505789778;true;28783;11;454;2;9,8;21918;4;399;0;9,0;01/05/2020;nshottinrh
3505474043;false;24686;4;444;3;9,0;22123;3;450;0;9,0;05/10/2020;bbowringri
3512046340;false;23029;4;449;1;8,8;29961;14;462;2;9,8;19/08/2020;mreiderj
3512053081;false;23990;6;395;1;8,8;33316;23;461;1;9,8;01/10/2020;dlomaxrk
3512060391;false;25656;9;418;1;9,0;28245;12;480;2;9,6;18/06/2020;gippardrl
3512008237;true;29309;12;468;1;9,2;27042;13;368;1;9,2;02/08/2020;ssheehyrm
3512006381;false;29639;15;418;1;9,6;28776;16;444;2;9,8;02/09/2020;hwickliffern
3511827042;true;26081;11;430;1;9,0;24098;8;381;2;8,8;24/01/2020;bpresnailro
3511811445;false;26000;6;463;2;9,0;25870;10;434;1;9,4;24/08/2020;araperp
3511666647;true;23754;5;438;1;9,2;26706;12;454;2;9,8;18/03/2020;squortel22
